Workbook

Sheet الملخص
A1: توّا — ملخص النموذج المالي
A2: ="السيناريو: "&INDEX({"المتحفظ","الأساسي","المتفائل"},'الافتراضات'!$C$6)&" · غيّره من الافتراضات!C6 · جنيه اسمي بدون ض.ق.م"
A4: المؤشر | B4: 2027 | C4: 2028 | D4: 2029 | E4: 2030 | F4: 2031 | H4: المؤشر الرئيسي | I4: القيمة
A5: طلبات/يوم (ديسمبر) | B5: ='السنوي'!D$13 | C5: ='السنوي'!E$13 | D5: ='السنوي'!F$13 | E5: ='السنوي'!G$13 | F5: ='السنوي'!H$13 | H5: ذروة الاحتياج التمويلي | I5: ='السنوي'!$C$56
A6: العملاء النشطون (ديسمبر) | B6: ='السنوي'!D$8 | C6: ='السنوي'!E$8 | D6: ='السنوي'!F$8 | E6: ='السنوي'!G$8 | F6: ='السنوي'!H$8 | H6: ذروة الاحتياج التمويلي (دولار) | I6: ='السنوي'!$C$56/'الافتراضات'!$C$108
A7: قيمة الطلبات (GMV) | B7: ='السنوي'!D$15 | C7: ='السنوي'!E$15 | D7: ='السنوي'!F$15 | E7: ='السنوي'!G$15 | F7: ='السنوي'!H$15 | H7: جولتا البذرة والنمو في النموذج | I7: ='الافتراضات'!$C$105+'الافتراضات'!$C$106
A8: صافي الإيراد | B8: ='السنوي'!D$27 | C8: ='السنوي'!E$27 | D8: ='السنوي'!F$27 | E8: ='السنوي'!G$27 | F8: ='السنوي'!H$27 | H8: أول شهر مساهمة موجبة | I8: ='السنوي'!$C$58
A9: مجمل الربح | B9: ='السنوي'!D$29 | C9: ='السنوي'!E$29 | D9: ='السنوي'!F$29 | E9: ='السنوي'!G$29 | F9: ='السنوي'!H$29 | H9: أول شهر EBITDA موجبة | I9: ='السنوي'!$C$57
A10: نسبة الاستقطاع (مجمل الربح % من GMV) | B10: ='السنوي'!D$30 | C10: ='السنوي'!E$30 | D10: ='السنوي'!F$30 | E10: ='السنوي'!G$30 | F10: ='السنوي'!H$30 | H10: فحص التمويل | I10: ='السنوي'!$C$60
A11: المساهمة لكل طلب | B11: ='السنوي'!D$37 | C11: ='السنوي'!E$37 | D11: ='السنوي'!F$37 | E11: ='السنوي'!G$37 | F11: ='السنوي'!H$37 | H11: المساهمة مدى الحياة ÷ CAC (السنة 3) | I11: ='السنوي'!$C$63
A12: EBITDA | B12: ='السنوي'!D$42 | C12: ='السنوي'!E$42 | D12: ='السنوي'!F$42 | E12: ='السنوي'!G$42 | F12: ='السنوي'!H$42 | H12: استرداد CAC (السنة 3) | I12: ='السنوي'!$C$64
A13: صافي الدخل | B13: ='السنوي'!D$46 | C13: ='السنوي'!E$46 | D13: ='السنوي'!F$46 | E13: ='السنوي'!G$46 | F13: ='السنوي'!H$46
A14: رصيد النقدية (ديسمبر) | B14: ='السنوي'!D$53 | C14: ='السنوي'!E$53 | D14: ='السنوي'!F$53 | E14: ='السنوي'!G$53 | F14: ='السنوي'!H$53
A18: بيانات الرسم — مجمل الربح حسب المصدر (ج.م)
A19: المصدر | B19: 2027 | C19: 2028 | D19: 2029 | E19: 2030 | F19: 2031
A20: هامش المنتجات | B20: ='مصادر الإيراد'!G4 | C20: ='مصادر الإيراد'!H4 | D20: ='مصادر الإيراد'!I4 | E20: ='مصادر الإيراد'!J4 | F20: ='مصادر الإيراد'!K4
A21: السوق والصيدليات | B21: ='مصادر الإيراد'!G5 | C21: ='مصادر الإيراد'!H5 | D21: ='مصادر الإيراد'!I5 | E21: ='مصادر الإيراد'!J5 | F21: ='مصادر الإيراد'!K5
A22: الأكل | B22: ='مصادر الإيراد'!G6 | C22: ='مصادر الإيراد'!H6 | D22: ='مصادر الإيراد'!I6 | E22: ='مصادر الإيراد'!J6 | F22: ='مصادر الإيراد'!K6
A23: رسوم التوصيل | B23: ='مصادر الإيراد'!G7 | C23: ='مصادر الإيراد'!H7 | D23: ='مصادر الإيراد'!I7 | E23: ='مصادر الإيراد'!J7 | F23: ='مصادر الإيراد'!K7
A24: رسوم الخدمة | B24: ='مصادر الإيراد'!G8 | C24: ='مصادر الإيراد'!H8 | D24: ='مصادر الإيراد'!I8 | E24: ='مصادر الإيراد'!J8 | F24: ='مصادر الإيراد'!K8
A25: توّا+ | B25: ='مصادر الإيراد'!G9 | C25: ='مصادر الإيراد'!H9 | D25: ='مصادر الإيراد'!I9 | E25: ='مصادر الإيراد'!J9 | F25: ='مصادر الإيراد'!K9
A26: التوصيل كخدمة | B26: ='مصادر الإيراد'!G10 | C26: ='مصادر الإيراد'!H10 | D26: ='مصادر الإيراد'!I10 | E26: ='مصادر الإيراد'!J10 | F26: ='مصادر الإيراد'!K10
A27: إعلانات التطبيق | B27: ='مصادر الإيراد'!G11 | C27: ='مصادر الإيراد'!H11 | D27: ='مصادر الإيراد'!I11 | E27: ='مصادر الإيراد'!J11 | F27: ='مصادر الإيراد'!K11
A28: حوافز الموردين | B28: ='مصادر الإيراد'!G12 | C28: ='مصادر الإيراد'!H12 | D28: ='مصادر الإيراد'!I12 | E28: ='مصادر الإيراد'!J12 | F28: ='مصادر الإيراد'!K12
A31: طريقة استخدام النموذج
A32: 1. غيّر المدخلات في ورقة الافتراضات فقط (النص الأزرق؛ الأصفر = الروافع الرئيسية).
A33: 2. بدّل السيناريو من خلية الافتراضات!C6: 1 المتحفظ · 2 الأساسي · 3 المتفائل.
A34: 3. النموذج = محرك شهري (أكتوبر 2026 – ديسمبر 2031). أوراق السنوي واقتصاديات الوحدة ومصادر الإيراد تجمّعه.
A35: 4. الألوان: أزرق مدخل · أسود معادلة · أخضر ربط بورقة أخرى. كل القيم بالجنيه الاسمي بدون ضريبة القيمة المضافة.

Sheet الافتراضات
A1: توّا — الافتراضات (كل المدخلات هنا)
A2: الأزرق = مدخل قابل للتغيير · الأصفر = رافعة رئيسية · القيم بالجنيه الاسمي (تضخم ≈10–12% سنوياً داخل المدخلات السنوية)، بدون ضريبة القيمة المضافة. 2027 = السنة الأولى (تجربة يناير، إطلاق عام فبراير). الأفق: أكتوبر 2026 – ديسمبر 2031.
A5: 1 · السيناريو
A6: السيناريو المختار (1 = المتحفظ، 2 = الأساسي، 3 = المتفائل) | B6: # | C6: 2 | H6: غيّر الخلية دي بس لتبديل النموذج كله.
A7: معامل السيناريو | B7: الوحدة | C7: المتحفظ | D7: الأساسي | E7: المتفائل | F7: نشط | H7: طريقة التطبيق
A8: معامل تكلفة استحواذ العميل | B8: × | C8: 1.25 | D8: 1 | E8: 0.85 | F8: =INDEX(C8:E8,$C$6) | H8: يضرب في CAC السنوي.
A9: تعديل الاحتفاظ الشهري | B9: نقطة | C9: -0.04 | D9: 0 | E9: 0.02 | F9: =INDEX(C9:E9,$C$6) | H9: تُضاف للاحتفاظ السنوي (بحد أقصى 95%).
A10: معامل تكرار الطلب | B10: × | C10: 0.85 | D10: 1 | E10: 1.1 | F10: =INDEX(C10:E10,$C$6) | H10: يضرب في طلبات العميل النشط شهرياً.
A11: معامل حجم السلة (AOV) | B11: × | C11: 0.92 | D11: 1 | E11: 1.05 | F11: =INDEX(C11:E11,$C$6) | H11: يضرب في متوسط قيمة الطلب.
A13: 2 · الجدول الزمني والسوق
A14: المدخل | B14: الوحدة | C14: القيمة | H14: ملاحظة / المصدر
A15: بداية النموذج (أول شهر قبل الإطلاق) | B15: التاريخ | C15: 46296 | H15: أكتوبر–ديسمبر 2026 = بناء ما قبل الإطلاق. يناير 2027 = التجربة (الشهر التشغيلي 1). فبراير 2027 = الإطلاق العام.
A16: سكان مركز أبو المطامير | B16: نسمة | C16: 480000 | H16: تقدير — تحقق من آخر تعداد للجهاز المركزي للتعبئة العامة والإحصاء قبل الاستخدام الخارجي.
A17: متوسط حجم الأسرة | B17: نسمة | C17: 4.6 | H17: تقدير لريف البحيرة؛ تحقق من الجهاز المركزي للتعبئة العامة والإحصاء.
A18: المدخل | B18: الوحدة | C18: 2027 | D18: 2028 | E18: 2029 | F18: 2030 | G18: 2031 | H18: ملاحظة / المصدر
A19: حصة الأسر داخل مناطق التوصيل المفعّلة | B19: % | C19: 0.35 | D19: 0.6 | E19: 0.8 | F19: 0.9 | G19: 0.95 | H19: وسط المدينة أولاً، ثم القرى منطقة منطقة (الهب 2 و3 يوسّعان الوصول).
A20: الهب 2 (هب قرية صغير) يفتح في الشهر التشغيلي | B20: # | C20: 16 | H20: أبريل 2028. التجهيز يُدفع في الشهر السابق.
A21: الهب 3 (هب قرية صغير) يفتح في الشهر التشغيلي | B21: # | C21: 28 | H21: أبريل 2029.
A23: 3 · استحواذ العملاء والاحتفاظ بهم
A24: المدخل | B24: الوحدة | C24: 2027 | D24: 2028 | E24: 2029 | F24: 2030 | G24: 2031 | H24: ملاحظة / المصدر
A25: إنفاق الاستحواذ — شهر التجربة (يناير 2027) | B25: ج.م | C25: 60000 | H25: تجربة بالدعوة: حوالي 400 أسرة، قسائم أول طلب.
A26: إنفاق الاستحواذ — شهر الإطلاق (فبراير 2027) | B26: ج.م | C26: 200000 | H26: دفعة الإطلاق العام: فلاير وجروبات واتساب ومؤثرين وفعاليات إطلاق وخصم 30% على أول طلب.
A27: إنفاق الاستحواذ — الشهر الثالث (مارس 2027) | B27: ج.م | C27: 160000 | H27: الحفاظ على زخم الإطلاق وبدء التشويق في القرى.
A28: إنفاق الاستحواذ — المعدل الشهري بعد ذلك | B28: ج.م/شهر | C28: 120000 | D28: 160000 | E28: 200000 | F28: 230000 | G28: 250000 | H28: استحواذ مدفوع وعروض؛ يزيد مع كل منطقة قرية جديدة.
A29: CAC المجمّع (استحواذ مدفوع شامل خصم أول طلب) | B29: ج.م/عميل | C29: 130 | D29: 150 | E29: 170 | F29: 185 | G29: 200 | H29: افتراض: ترتفع بعد استنفاد المتبنين الأوائل. تتأكد بعد التجربة.
A30: أقصى اختراق ممكن للأسر في نطاق الوصول | B30: % | C30: 0.3 | H30: حد التشبع: استحواذ العملاء الجدد يبطئ خطياً مع اقتراب الاختراق من السقف ده.
A31: العملاء العضويون والإحالة كنسبة من المدفوع | B31: % | C31: 0.2 | D31: 0.3 | E31: 0.35 | F31: 0.38 | G31: 0.4 | H31: إحالة 50 ج.م لكل طرف، كلام الناس، تمييز المناديب.
A32: الاحتفاظ الشهري بالعملاء النشطين | B32: % | C32: 0.72 | D32: 0.78 | E32: 0.81 | F32: 0.83 | G32: 0.84 | H32: نسبة العملاء النشطين الشهر اللي فات اللي طلبوا تاني الشهر ده.
A33: طلبات العميل النشط شهرياً | B33: طلب | C33: 2.8 | D33: 3.3 | E33: 3.7 | F33: 4 | G33: 4.2 | H33: سلوك الطلبات التكميلية: عيش ولبن ومياه وحفاضات أكتر من مرة في الأسبوع.
A35: 4 · السلة ومزيج الأقسام
A36: المدخل | B36: الوحدة | C36: 2027 | D36: 2028 | E36: 2029 | F36: 2030 | G36: 2031 | H36: ملاحظة / المصدر
A37: متوسط قيمة الطلب (AOV) | B37: ج.م | C37: 270 | D37: 315 | E37: 360 | F37: 400 | G37: 440 | H37: اسمي، شامل تضخم حوالي 12% سنوياً ونمو السلة.
A38: مزيج GMV — مخزون توّا المملوك (الهب) | B38: % من GMV | C38: 0.62 | D38: 0.58 | E38: 0.55 | F38: 0.53 | G38: 0.52 | H38: بقالة واحتياجات البيت ومنظفات وعناية شخصية.
A39: مزيج GMV — السوق (تجار محليون وصيدليات شريكة) | B39: % من GMV | C39: 0.13 | D39: 0.15 | E39: 0.17 | F39: 0.18 | G39: 0.19 | H39: أدوية الصيدلية بدون روشتة تُنفّذ عبر صيدليات شريكة مرخّصة.
A40: مزيج GMV — الأكل (مطاعم شريكة ومطبخ توّا) | B40: % من GMV | C40: 0.25 | D40: 0.27 | E40: 0.28 | F40: 0.29 | G40: 0.29
A41: تحقق: مجموع المزيج 100% | C41: =IF(ABS(C38+C39+C40-1)<0.0001,"سليم","خطأ") | D41: =IF(ABS(D38+D39+D40-1)<0.0001,"سليم","خطأ") | E41: =IF(ABS(E38+E39+E40-1)<0.0001,"سليم","خطأ") | F41: =IF(ABS(F38+F39+F40-1)<0.0001,"سليم","خطأ") | G41: =IF(ABS(G38+G39+G40-1)<0.0001,"سليم","خطأ")
A43: 5 · مصادر الإيراد (التسعير ونسب الاستقطاع)
A44: المدخل | B44: الوحدة | C44: 2027 | D44: 2028 | E44: 2029 | F44: 2030 | G44: 2031 | H44: ملاحظة / المصدر
A45: الهامش الأمامي على المخزون المملوك | B45: % من GMV الهب | C45: 0.16 | D45: 0.17 | E45: 0.18 | F45: 0.185 | G45: 0.19 | H45: هامش التجزئة بعد تكلفة الشراء. تجزئة البقالة في مصر عادة 12–20%؛ يتحسن مع الشراء بالكمية والعلامة الخاصة (2029+).
A46: حوافز الموردين (خصومات ورسوم إدراج) | B46: % من GMV الهب | C46: 0 | D46: 0.015 | E46: 0.025 | F46: 0.03 | G46: 0.03 | H46: خصومات كمية من الموزعين والعلامات بعد إثبات الحجم.
A47: إعلانات التطبيق (أماكن مدفوعة وبانرات) | B47: % من GMV الهب | C47: 0.003 | D47: 0.008 | E47: 0.012 | F47: 0.014 | G47: 0.015 | H47: ظهور ممول من العلامات؛ يُباع لموزعي السلع الاستهلاكية.
A48: عمولة السوق | B48: % من GMV السوق | C48: 0.11 | D48: 0.12 | E48: 0.12 | F48: 0.12 | G48: 0.12 | H48: تُحصّل من التجار والصيدليات الشريكة على كل طلب.
A49: عمولة المطاعم | B49: % من GMV الأكل | C49: 0.17 | D49: 0.18 | E49: 0.18 | F49: 0.18 | G49: 0.18 | H49: تُحصّل من المطاعم.
A50: متوسط رسوم التوصيل المحصّلة (مزيج المدينة والقرى) | B50: ج.م/طلب | C50: 17 | D50: 19 | E50: 21 | F50: 23 | G50: 25 | H50: المدينة 10–15، القرى 20–30. مجاني فوق حد السلة.
A51: حصة الطلبات اللي بتدفع رسوم توصيل (قبل توّا+) | B51: % | C51: 0.55 | D51: 0.58 | E51: 0.6 | F51: 0.6 | G51: 0.6 | H51: الباقي مجاني عبر حد السلة أو العروض.
A52: رسوم الخدمة للطلب | B52: ج.م/طلب | C52: 3 | D52: 4 | E52: 5 | F52: 5 | G52: 6 | H52: رسوم ثابتة صغيرة ظاهرة بوضوح عند الدفع.
A53: سعر اشتراك توّا+ | B53: ج.م/شهر | C53: 0 | D53: 49 | E53: 59 | F53: 65 | G53: 72 | H53: إطلاق يناير 2028: توصيل مجاني بلا حدود ونقاط مضاعفة.
A54: مشتركو توّا+ كنسبة من العملاء النشطين | B54: % | C54: 0 | D54: 0.05 | E54: 0.09 | F54: 0.12 | G54: 0.14
A55: تكرار طلب المشتركين مقابل المتوسط | B55: × | C55: 1.6 | H55: المشتركون بيطلبوا أكتر؛ وطلباتهم من غير رسوم توصيل.
A56: توصيلات التوصيل كخدمة في اليوم (متوسط) | B56: توصيلة/يوم | C56: 15 | D56: 60 | E56: 120 | F56: 180 | G56: 240 | H56: طلبات التجار الخاصة يوصّلها مناديب توّا. تبدأ في الشهر التشغيلي 4.
A57: رسوم التوصيل كخدمة للتوصيلة (يدفعها التاجر) | B57: ج.م | C57: 22 | D57: 25 | E57: 28 | F57: 31 | G57: 34
A58: التوصيل كخدمة يبدأ في الشهر التشغيلي | B58: # | C58: 4
A60: 6 · التكاليف المتغيرة (لكل طلب / % من GMV)
A61: المدخل | B61: الوحدة | C61: 2027 | D61: 2028 | E61: 2029 | F61: 2030 | G61: 2031 | H61: ملاحظة / المصدر
A62: تكلفة المندوب للتوصيلة (أجر ووقود وتليفون وحوافز) | B62: ج.م/توصيلة | C62: 27 | D62: 29 | E62: 31 | F62: 33 | G62: 35 | H62: أجر بالتوصيلة؛ التجميع في رحلات يعادل التضخم.
A63: التوصيلات لكل طلب عميل | B63: × | C63: 1.06 | D63: 1.05 | E63: 1.04 | F63: 1.04 | G63: 1.03 | H63: التسليم المجزّأ لما المكونات ما ينفعش تتجمع.
A64: عمالة التجميع والتغليف لكل طلب هب | B64: ج.م/طلب | C64: 4 | D64: 4.3 | E64: 4.6 | F64: 4.9 | G64: 5.2 | H64: تُطبّق على حصة الهب من الطلبات.
A65: التغليف (شنط بالعلامة وأكياس تبريد) | B65: ج.م/طلب | C65: 3.5 | D65: 3.8 | E65: 4.1 | F65: 4.4 | G65: 4.7
A66: حصة GMV المدفوعة إلكترونياً (بطاقات ومحافظ) | B66: % | C66: 0.18 | D66: 0.28 | E66: 0.38 | F66: 0.45 | G66: 0.5 | H66: الكاش عند الاستلام هو الأساس عند الإطلاق.
A67: رسوم بوابة الدفع | B67: % من GMV الإلكتروني | C67: 0.023 | H67: عمولة بوابة الدفع المعتادة في مصر؛ تتأكد بعرض سعر من Paymob أو Fawry أو Geidea.
A68: عروض العملاء الممولة من توّا (بعد أول طلب) | B68: % من GMV | C68: 0.04 | D68: 0.028 | E68: 0.022 | F68: 0.02 | G68: 0.02 | H68: خصم أول طلب ضمن CAC.
A69: الهالك وانتهاء الصلاحية والتلف | B69: % من GMV الهب | C69: 0.018 | D69: 0.015 | E69: 0.013 | F69: 0.012 | G69: 0.012
A70: الاستردادات والتعويضات | B70: % من GMV | C70: 0.006 | D70: 0.005 | E70: 0.004 | F70: 0.004 | G70: 0.004
A71: الدعم والرسائل وواتساب لكل طلب | B71: ج.م/طلب | C71: 1.6 | D71: 1.8 | E71: 2 | F71: 2.2 | G71: 2.4
A73: 7 · التكاليف التشغيلية الثابتة (شهرياً)
A74: المدخل | B74: الوحدة | C74: 2027 | D74: 2028 | E74: 2029 | F74: 2030 | G74: 2031 | H74: ملاحظة / المصدر
A75: إيجار الهب (لكل هب) | B75: ج.م/شهر | C75: 30000 | D75: 34000 | E75: 38000 | F75: 42000 | G75: 46000 | H75: وحدة دور أرضي حوالي 150–250 م² في أبو المطامير؛ خد 3 عروض أسعار.
A76: مرافق وكهرباء الهب (لكل هب) | B76: ج.م/شهر | C76: 12000 | D76: 14000 | E76: 16000 | F76: 18000 | G76: 20000 | H76: الثلاجات والفريزرات شغالة 24 ساعة.
A77: الفريق الأساسي للهب (لكل هب): مدير واستلام وأمن | B77: ج.م/شهر | C77: 45000 | D77: 51000 | E77: 57000 | F77: 63000 | G77: 69000 | H77: المجمّعون تكلفة متغيرة (تجميع وتغليف).
A78: الإشراف على المناديب والتوزيع | B78: ج.م/شهر | C78: 32000 | D78: 48000 | E78: 60000 | F78: 70000 | G78: 80000
A79: فريق خدمة العملاء | B79: ج.م/شهر | C79: 30000 | D79: 45000 | E79: 55000 | F79: 65000 | G79: 75000
A80: فريق التقنية / عقد مورّد | B80: ج.م/شهر | C80: 160000 | D80: 180000 | E80: 200000 | F80: 220000 | G80: 240000 | H80: 2–3 مهندسين + اختبار جودة، أو صيانة من مورّد.
A81: السحابة والخرائط وبوابة الرسائل والأدوات | B81: ج.م/شهر | C81: 20000 | D81: 30000 | E81: 40000 | F81: 45000 | G81: 50000
A82: الإدارة والمصروفات العمومية (مدير عام، مالية، مشتريات، تسويق، موارد بشرية) | B82: ج.م/شهر | C82: 150000 | D82: 190000 | E82: 230000 | F82: 260000 | G82: 290000
A83: المكتب والقانوني والمحاسبة والتأمين | B83: ج.م/شهر | C83: 25000 | D83: 30000 | E83: 35000 | F83: 40000 | G83: 45000
A84: تسويق العلامة والمجتمع (غير الاستحواذ) | B84: ج.م/شهر | C84: 25000 | D84: 35000 | E84: 45000 | F84: 50000 | G84: 55000 | H84: محتوى ورعايات وفعاليات قرى.
A85: المدخل | B85: الوحدة | C85: القيمة | H85: ملاحظة / المصدر
A86: تكلفة التشغيل قبل الإطلاق (أكتوبر–ديسمبر 2026) | B86: ج.م/شهر | C86: 240000 | H86: تعيين وتدريب وضم موردين وقانوني وعدة إطلاق.
A88: 8 · الإنفاق الرأسمالي والإهلاك
A89: المدخل | B89: الوحدة | C89: القيمة | H89: ملاحظة / المصدر
A90: بناء المنصة (تطبيق العميل والإدارة والمجمّع والمندوب) | B90: ج.م | C90: 2400000 | H90: يُدفع بالتساوي أكتوبر–ديسمبر 2026. النموذج الأولي ووثيقة المتطلبات جاهزين.
A91: تجهيز الهب 1 (أرفف وثلاجات وفريزرات ومولد وماسحات) | B91: ج.م | C91: 950000 | H91: يُدفع ديسمبر 2026.
A92: تجهيز هب القرية الصغير (الهب 2 والهب 3، لكل واحد) | B92: ج.م | C92: 650000 | H92: يُدفع في الشهر السابق للافتتاح.
A93: عدة المناديب (شنط حرارية وخوذ وتليفونات) عند الإطلاق | B93: ج.م | C93: 150000 | H93: المناديب بيستخدموا موتوسيكلاتهم (أجر بالتوصيلة).
A94: العمر الإنتاجي — التقنية | B94: شهر | C94: 36
A95: العمر الإنتاجي — معدات الهب | B95: شهر | C95: 60
A97: 9 · رأس المال العامل والضريبة والتمويل
A98: المدخل | B98: الوحدة | C98: 2027 | D98: 2028 | E98: 2029 | F98: 2030 | G98: 2031 | H98: ملاحظة / المصدر
A99: الحد الأدنى للمخزون لكل هب (اتساع الأصناف) | B99: ج.م | C99: 900000 | D99: 1050000 | E99: 1200000 | F99: 1350000 | G99: 1500000 | H99: حوالي 1,500–3,000 صنف عند الإطلاق.
A100: المدخل | B100: الوحدة | C100: القيمة | H100: ملاحظة / المصدر
A101: أيام المخزون (من تكلفة بضاعة الهب) | B101: يوم | C101: 14
A102: أيام ائتمان الموردين | B102: يوم | C102: 21 | H102: الموزعون المحليون عادة بيدّوا 14–30 يوم.
A103: فترة تأخير تسوية التجار (السوق والأكل) | B103: يوم | C103: 7 | H103: تسوية أسبوعية: سيولة لصالح توّا.
A104: سعر ضريبة دخل الشركات | B104: % | C104: 0.225 | H104: قانون ضريبة الدخل المصري 91 لسنة 2005، السعر القياسي 22.5%. ترحيل الخسائر.
A105: جولة البذرة (تُستلم أكتوبر 2026) | B105: ج.م | C105: 20000000 | H105: تغطي ما قبل الإطلاق وإطلاق أبو المطامير والقرى حتى جولة النمو.
A106: قيمة جولة النمو (الجولة A) | B106: ج.م | C106: 22000000 | H106: تموّل التوسع متعدد المراكز؛ تُجمع بعد إثبات اقتصاديات وحدة أبو المطامير.
A107: جولة النمو — الشهر التشغيلي للاستلام | B107: # | C107: 18 | H107: يونيو 2028، قبل أول مركز توسع بأربعة شهور.
A108: سعر الصرف لمعادلات الدولار | B108: جنيه لكل دولار | C108: 50 | H108: للعرض فقط. افتراض — حدّثه بسعر البنك المركزي الحالي.
A110: 10 · التوسع لمراكز البحيرة الأخرى (دليل هب في صندوق)
A111: المدخل | B111: الوحدة | C111: القيمة | H111: ملاحظة / المصدر
...

Sheet النموذج
A1: توّا — النموذج الشهري أكتوبر 2026 – ديسمبر 2031 (معادلات فقط؛ عدّل الافتراضات)
A4: الجدول الزمني
A5: الشهر | C5: ='الافتراضات'!$C$15 | D5: =DATE(YEAR(C5),MONTH(C5)+1,1) | E5: =DATE(YEAR(D5),MONTH(D5)+1,1) | F5: =DATE(YEAR(E5),MONTH(E5)+1,1) | G5: =DATE(YEAR(F5),MONTH(F5)+1,1) | H5: =DATE(YEAR(G5),MONTH(G5)+1,1) | I5: =DATE(YEAR(H5),MONTH(H5)+1,1) | J5: =DATE(YEAR(I5),MONTH(I5)+1,1) | K5: =DATE(YEAR(J5),MONTH(J5)+1,1) | ... BM5: =DATE(YEAR(BL5),MONTH(BL5)+1,1)
A6: السنة الميلادية | C6: =YEAR(C5) | D6: =YEAR(D5) | E6: =YEAR(E5) | F6: =YEAR(F5) | G6: =YEAR(G5) | H6: =YEAR(H5) | I6: =YEAR(I5) | J6: =YEAR(J5) | ... BM6: =YEAR(BM5)
A7: الشهر التشغيلي (1 = تجربة يناير 2027) | B7: # | C7: =(C6-2027)*12+MONTH(C5) | D7: =(D6-2027)*12+MONTH(D5) | E7: =(E6-2027)*12+MONTH(E5) | F7: =(F6-2027)*12+MONTH(F5) | G7: =(G6-2027)*12+MONTH(G5) | H7: =(H6-2027)*12+MONTH(H5) | I7: =(I6-2027)*12+MONTH(I5) | J7: =(J6-2027)*12+MONTH(J5) | ... BM7: =(BM6-2027)*12+MONTH(BM5)
A8: مؤشر التشغيل | B8: 0/1 | C8: =IF(C7>=1,1,0) | D8: =IF(D7>=1,1,0) | E8: =IF(E7>=1,1,0) | F8: =IF(F7>=1,1,0) | G8: =IF(G7>=1,1,0) | H8: =IF(H7>=1,1,0) | I8: =IF(I7>=1,1,0) | J8: =IF(J7>=1,1,0) | ... BM8: =IF(BM7>=1,1,0)
A9: سنة الافتراض (1 = 2027) | B9: # | C9: =MAX(1,MIN(5,C6-2026)) | D9: =MAX(1,MIN(5,D6-2026)) | E9: =MAX(1,MIN(5,E6-2026)) | F9: =MAX(1,MIN(5,F6-2026)) | G9: =MAX(1,MIN(5,G6-2026)) | H9: =MAX(1,MIN(5,H6-2026)) | I9: =MAX(1,MIN(5,I6-2026)) | J9: =MAX(1,MIN(5,J6-2026)) | ... BM9: =MAX(1,MIN(5,BM6-2026))
A10: المرحلة | C10: =IF(C7<1,"ما قبل الإطلاق",IF(C7=1,"تجربة",IF(C7<'الافتراضات'!$C$20,"المدينة",IF(C7<'الافتراضات'!$C$117,"القرى","متعدد المراكز")))) | D10: =IF(D7<1,"ما قبل الإطلاق",IF(D7=1,"تجربة",IF(D7<'الافتراضات'!$C$20,"المدينة",IF(D7<'الافتراضات'!$C$117,"القرى","متعدد المراكز")))) | E10: =IF(E7<1,"ما قبل الإطلاق",IF(E7=1,"تجربة",IF(E7<'الافتراضات'!$C$20,"المدينة",IF(E7<'الافتراضات'!$C$117,"القرى","متعدد المراكز")))) | F10: =IF(F7<1,"ما قبل الإطلاق",IF(F7=1,"تجربة",IF(F7<'الافتراضات'!$C$20,"المدينة",IF(F7<'الافتراضات'!$C$117,"القرى","متعدد المراكز")))) | G10: =IF(G7<1,"ما قبل الإطلاق",IF(G7=1,"تجربة",IF(G7<'الافتراضات'!$C$20,"المدينة",IF(G7<'الافتراضات'!$C$117,"القرى","متعدد المراكز")))) | H10: =IF(H7<1,"ما قبل الإطلاق",IF(H7=1,"تجربة",IF(H7<'الافتراضات'!$C$20,"المدينة",IF(H7<'الافتراضات'!$C$117,"القرى","متعدد المراكز")))) | I10: =IF(I7<1,"ما قبل الإطلاق",IF(I7=1,"تجربة",IF(I7<'الافتراضات'!$C$20,"المدينة",IF(I7<'الافتراضات'!$C$117,"القرى","متعدد المراكز")))) | J10: =IF(J7<1,"ما قبل الإطلاق",IF(J7=1,"تجربة",IF(J7<'الافتراضات'!$C$20,"المدينة",IF(J7<'الافتراضات'!$C$117,"القرى","متعدد المراكز")))) | ... BM10: =IF(BM7<1,"ما قبل الإطلاق",IF(BM7=1,"تجربة",IF(BM7<'الافتراضات'!$C$20,"المدينة",IF(BM7<'الافتراضات'!$C$117,"القرى","متعدد المراكز"))))
A12: العملاء
A13: إنفاق تسويق الاستحواذ — أبو المطامير | B13: ج.م | C13: =C8*IF(C7=1,'الافتراضات'!$C$25,IF(C7=2,'الافتراضات'!$C$26,IF(C7=3,'الافتراضات'!$C$27,INDEX('الافتراضات'!$C$28:$G$28,C$9)))) | D13: =D8*IF(D7=1,'الافتراضات'!$C$25,IF(D7=2,'الافتراضات'!$C$26,IF(D7=3,'الافتراضات'!$C$27,INDEX('الافتراضات'!$C$28:$G$28,D$9)))) | E13: =E8*IF(E7=1,'الافتراضات'!$C$25,IF(E7=2,'الافتراضات'!$C$26,IF(E7=3,'الافتراضات'!$C$27,INDEX('الافتراضات'!$C$28:$G$28,E$9)))) | F13: =F8*IF(F7=1,'الافتراضات'!$C$25,IF(F7=2,'الافتراضات'!$C$26,IF(F7=3,'الافتراضات'!$C$27,INDEX('الافتراضات'!$C$28:$G$28,F$9)))) | G13: =G8*IF(G7=1,'الافتراضات'!$C$25,IF(G7=2,'الافتراضات'!$C$26,IF(G7=3,'الافتراضات'!$C$27,INDEX('الافتراضات'!$C$28:$G$28,G$9)))) | H13: =H8*IF(H7=1,'الافتراضات'!$C$25,IF(H7=2,'الافتراضات'!$C$26,IF(H7=3,'الافتراضات'!$C$27,INDEX('الافتراضات'!$C$28:$G$28,H$9)))) | I13: =I8*IF(I7=1,'الافتراضات'!$C$25,IF(I7=2,'الافتراضات'!$C$26,IF(I7=3,'الافتراضات'!$C$27,INDEX('الافتراضات'!$C$28:$G$28,I$9)))) | J13: =J8*IF(J7=1,'الافتراضات'!$C$25,IF(J7=2,'الافتراضات'!$C$26,IF(J7=3,'الافتراضات'!$C$27,INDEX('الافتراضات'!$C$28:$G$28,J$9)))) | ... BM13: =BM8*IF(BM7=1,'الافتراضات'!$C$25,IF(BM7=2,'الافتراضات'!$C$26,IF(BM7=3,'الافتراضات'!$C$27,INDEX('الافتراضات'!$C$28:$G$28,BM$9))))
A14: CAC المجمّع | B14: ج.م | C14: =INDEX('الافتراضات'!$C$29:$G$29,C$9)*'الافتراضات'!$F$8 | D14: =INDEX('الافتراضات'!$C$29:$G$29,D$9)*'الافتراضات'!$F$8 | E14: =INDEX('الافتراضات'!$C$29:$G$29,E$9)*'الافتراضات'!$F$8 | F14: =INDEX('الافتراضات'!$C$29:$G$29,F$9)*'الافتراضات'!$F$8 | G14: =INDEX('الافتراضات'!$C$29:$G$29,G$9)*'الافتراضات'!$F$8 | H14: =INDEX('الافتراضات'!$C$29:$G$29,H$9)*'الافتراضات'!$F$8 | I14: =INDEX('الافتراضات'!$C$29:$G$29,I$9)*'الافتراضات'!$F$8 | J14: =INDEX('الافتراضات'!$C$29:$G$29,J$9)*'الافتراضات'!$F$8 | ... BM14: =INDEX('الافتراضات'!$C$29:$G$29,BM$9)*'الافتراضات'!$F$8
A15: معامل التشبع (1 = سوق مفتوح) | B15: × | C15: =1 | D15: =MAX(0,1-C22/'الافتراضات'!$C$30) | E15: =MAX(0,1-D22/'الافتراضات'!$C$30) | F15: =MAX(0,1-E22/'الافتراضات'!$C$30) | G15: =MAX(0,1-F22/'الافتراضات'!$C$30) | H15: =MAX(0,1-G22/'الافتراضات'!$C$30) | I15: =MAX(0,1-H22/'الافتراضات'!$C$30) | J15: =MAX(0,1-I22/'الافتراضات'!$C$30) | K15: =MAX(0,1-J22/'الافتراضات'!$C$30) | ... BM15: =MAX(0,1-BL22/'الافتراضات'!$C$30)
A16: العملاء الجدد — مدفوع | B16: # | C16: =IF(C14>0,C13/C14*C15,0) | D16: =IF(D14>0,D13/D14*D15,0) | E16: =IF(E14>0,E13/E14*E15,0) | F16: =IF(F14>0,F13/F14*F15,0) | G16: =IF(G14>0,G13/G14*G15,0) | H16: =IF(H14>0,H13/H14*H15,0) | I16: =IF(I14>0,I13/I14*I15,0) | J16: =IF(J14>0,J13/J14*J15,0) | ... BM16: =IF(BM14>0,BM13/BM14*BM15,0)
A17: العملاء الجدد — عضوي وإحالة | B17: # | C17: =C16*INDEX('الافتراضات'!$C$31:$G$31,C$9) | D17: =D16*INDEX('الافتراضات'!$C$31:$G$31,D$9) | E17: =E16*INDEX('الافتراضات'!$C$31:$G$31,E$9) | F17: =F16*INDEX('الافتراضات'!$C$31:$G$31,F$9) | G17: =G16*INDEX('الافتراضات'!$C$31:$G$31,G$9) | H17: =H16*INDEX('الافتراضات'!$C$31:$G$31,H$9) | I17: =I16*INDEX('الافتراضات'!$C$31:$G$31,I$9) | J17: =J16*INDEX('الافتراضات'!$C$31:$G$31,J$9) | ... BM17: =BM16*INDEX('الافتراضات'!$C$31:$G$31,BM$9)
A18: العملاء الجدد — الإجمالي | B18: # | C18: =C16+C17 | D18: =D16+D17 | E18: =E16+E17 | F18: =F16+F17 | G18: =G16+G17 | H18: =H16+H17 | I18: =I16+I17 | J18: =J16+J17 | ... BM18: =BM16+BM17
A19: الاحتفاظ الشهري | B19: % | C19: =MIN(0.95,INDEX('الافتراضات'!$C$32:$G$32,C$9)+'الافتراضات'!$F$9) | D19: =MIN(0.95,INDEX('الافتراضات'!$C$32:$G$32,D$9)+'الافتراضات'!$F$9) | E19: =MIN(0.95,INDEX('الافتراضات'!$C$32:$G$32,E$9)+'الافتراضات'!$F$9) | F19: =MIN(0.95,INDEX('الافتراضات'!$C$32:$G$32,F$9)+'الافتراضات'!$F$9) | G19: =MIN(0.95,INDEX('الافتراضات'!$C$32:$G$32,G$9)+'الافتراضات'!$F$9) | H19: =MIN(0.95,INDEX('الافتراضات'!$C$32:$G$32,H$9)+'الافتراضات'!$F$9) | I19: =MIN(0.95,INDEX('الافتراضات'!$C$32:$G$32,I$9)+'الافتراضات'!$F$9) | J19: =MIN(0.95,INDEX('الافتراضات'!$C$32:$G$32,J$9)+'الافتراضات'!$F$9) | ... BM19: =MIN(0.95,INDEX('الافتراضات'!$C$32:$G$32,BM$9)+'الافتراضات'!$F$9)
A20: العملاء النشطون — أبو المطامير | B20: # | C20: =C18 | D20: =C20*D19+D18 | E20: =D20*E19+E18 | F20: =E20*F19+F18 | G20: =F20*G19+G18 | H20: =G20*H19+H18 | I20: =H20*I19+I18 | J20: =I20*J19+J18 | K20: =J20*K19+K18 | ... BM20: =BL20*BM19+BM18
A21: الأسر داخل مناطق التوصيل | B21: # | C21: ='الافتراضات'!$C$16/'الافتراضات'!$C$17*INDEX('الافتراضات'!$C$19:$G$19,C$9) | D21: ='الافتراضات'!$C$16/'الافتراضات'!$C$17*INDEX('الافتراضات'!$C$19:$G$19,D$9) | E21: ='الافتراضات'!$C$16/'الافتراضات'!$C$17*INDEX('الافتراضات'!$C$19:$G$19,E$9) | F21: ='الافتراضات'!$C$16/'الافتراضات'!$C$17*INDEX('الافتراضات'!$C$19:$G$19,F$9) | G21: ='الافتراضات'!$C$16/'الافتراضات'!$C$17*INDEX('الافتراضات'!$C$19:$G$19,G$9) | H21: ='الافتراضات'!$C$16/'الافتراضات'!$C$17*INDEX('الافتراضات'!$C$19:$G$19,H$9) | I21: ='الافتراضات'!$C$16/'الافتراضات'!$C$17*INDEX('الافتراضات'!$C$19:$G$19,I$9) | J21: ='الافتراضات'!$C$16/'الافتراضات'!$C$17*INDEX('الافتراضات'!$C$19:$G$19,J$9) | ... BM21: ='الافتراضات'!$C$16/'الافتراضات'!$C$17*INDEX('الافتراضات'!$C$19:$G$19,BM$9)
A22: اختراق الأسر في نطاق الوصول | B22: % | C22: =IF(C21>0,C20/C21,0) | D22: =IF(D21>0,D20/D21,0) | E22: =IF(E21>0,E20/E21,0) | F22: =IF(F21>0,F20/F21,0) | G22: =IF(G21>0,G20/G21,0) | H22: =IF(H21>0,H20/H21,0) | I22: =IF(I21>0,I20/I21,0) | J22: =IF(J21>0,J20/J21,0) | ... BM22: =IF(BM21>0,BM20/BM21,0)
A24: الطلبات و GMV
A25: طلبات العميل النشط شهرياً | B25: # | C25: =INDEX('الافتراضات'!$C$33:$G$33,C$9)*'الافتراضات'!$F$10 | D25: =INDEX('الافتراضات'!$C$33:$G$33,D$9)*'الافتراضات'!$F$10 | E25: =INDEX('الافتراضات'!$C$33:$G$33,E$9)*'الافتراضات'!$F$10 | F25: =INDEX('الافتراضات'!$C$33:$G$33,F$9)*'الافتراضات'!$F$10 | G25: =INDEX('الافتراضات'!$C$33:$G$33,G$9)*'الافتراضات'!$F$10 | H25: =INDEX('الافتراضات'!$C$33:$G$33,H$9)*'الافتراضات'!$F$10 | I25: =INDEX('الافتراضات'!$C$33:$G$33,I$9)*'الافتراضات'!$F$10 | J25: =INDEX('الافتراضات'!$C$33:$G$33,J$9)*'الافتراضات'!$F$10 | ... BM25: =INDEX('الافتراضات'!$C$33:$G$33,BM$9)*'الافتراضات'!$F$10
A26: طلبات العملاء — أبو المطامير | B26: # | C26: =C20*C25 | D26: =D20*D25 | E26: =E20*E25 | F26: =F20*F25 | G26: =G20*G25 | H26: =H20*H25 | I26: =I20*I25 | J26: =J20*J25 | ... BM26: =BM20*BM25
A28: مراكز التوسع (نفس منحنى العمر × معامل الحجم)
A29: العملاء النشطون — حوش عيسى | B29: # | C29: =IF(AND('الافتراضات'!$C$112=1,C7>='الافتراضات'!$C$117),INDEX($C20:$BM20,1,C7-'الافتراضات'!$C$117+4)*'الافتراضات'!$D$117,0) | D29: =IF(AND('الافتراضات'!$C$112=1,D7>='الافتراضات'!$C$117),INDEX($C20:$BM20,1,D7-'الافتراضات'!$C$117+4)*'الافتراضات'!$D$117,0) | E29: =IF(AND('الافتراضات'!$C$112=1,E7>='الافتراضات'!$C$117),INDEX($C20:$BM20,1,E7-'الافتراضات'!$C$117+4)*'الافتراضات'!$D$117,0) | F29: =IF(AND('الافتراضات'!$C$112=1,F7>='الافتراضات'!$C$117),INDEX($C20:$BM20,1,F7-'الافتراضات'!$C$117+4)*'الافتراضات'!$D$117,0) | G29: =IF(AND('الافتراضات'!$C$112=1,G7>='الافتراضات'!$C$117),INDEX($C20:$BM20,1,G7-'الافتراضات'!$C$117+4)*'الافتراضات'!$D$117,0) | H29: =IF(AND('الافتراضات'!$C$112=1,H7>='الافتراضات'!$C$117),INDEX($C20:$BM20,1,H7-'الافتراضات'!$C$117+4)*'الافتراضات'!$D$117,0) | I29: =IF(AND('الافتراضات'!$C$112=1,I7>='الافتراضات'!$C$117),INDEX($C20:$BM20,1,I7-'الافتراضات'!$C$117+4)*'الافتراضات'!$D$117,0) | J29: =IF(AND('الافتراضات'!$C$112=1,J7>='الافتراضات'!$C$117),INDEX($C20:$BM20,1,J7-'الافتراضات'!$C$117+4)*'الافتراضات'!$D$117,0) | ... BM29: =IF(AND('الافتراضات'!$C$112=1,BM7>='الافتراضات'!$C$117),INDEX($C20:$BM20,1,BM7-'الافتراضات'!$C$117+4)*'الافتراضات'!$D$117,0)
A30: العملاء النشطون — أبو حمص | B30: # | C30: =IF(AND('الافتراضات'!$C$112=1,C7>='الافتراضات'!$C$118),INDEX($C20:$BM20,1,C7-'الافتراضات'!$C$118+4)*'الافتراضات'!$D$118,0) | D30: =IF(AND('الافتراضات'!$C$112=1,D7>='الافتراضات'!$C$118),INDEX($C20:$BM20,1,D7-'الافتراضات'!$C$118+4)*'الافتراضات'!$D$118,0) | E30: =IF(AND('الافتراضات'!$C$112=1,E7>='الافتراضات'!$C$118),INDEX($C20:$BM20,1,E7-'الافتراضات'!$C$118+4)*'الافتراضات'!$D$118,0) | F30: =IF(AND('الافتراضات'!$C$112=1,F7>='الافتراضات'!$C$118),INDEX($C20:$BM20,1,F7-'الافتراضات'!$C$118+4)*'الافتراضات'!$D$118,0) | G30: =IF(AND('الافتراضات'!$C$112=1,G7>='الافتراضات'!$C$118),INDEX($C20:$BM20,1,G7-'الافتراضات'!$C$118+4)*'الافتراضات'!$D$118,0) | H30: =IF(AND('الافتراضات'!$C$112=1,H7>='الافتراضات'!$C$118),INDEX($C20:$BM20,1,H7-'الافتراضات'!$C$118+4)*'الافتراضات'!$D$118,0) | I30: =IF(AND('الافتراضات'!$C$112=1,I7>='الافتراضات'!$C$118),INDEX($C20:$BM20,1,I7-'الافتراضات'!$C$118+4)*'الافتراضات'!$D$118,0) | J30: =IF(AND('الافتراضات'!$C$112=1,J7>='الافتراضات'!$C$118),INDEX($C20:$BM20,1,J7-'الافتراضات'!$C$118+4)*'الافتراضات'!$D$118,0) | ... BM30: =IF(AND('الافتراضات'!$C$112=1,BM7>='الافتراضات'!$C$118),INDEX($C20:$BM20,1,BM7-'الافتراضات'!$C$118+4)*'الافتراضات'!$D$118,0)
A31: العملاء النشطون — الدلنجات | B31: # | C31: =IF(AND('الافتراضات'!$C$112=1,C7>='الافتراضات'!$C$119),INDEX($C20:$BM20,1,C7-'الافتراضات'!$C$119+4)*'الافتراضات'!$D$119,0) | D31: =IF(AND('الافتراضات'!$C$112=1,D7>='الافتراضات'!$C$119),INDEX($C20:$BM20,1,D7-'الافتراضات'!$C$119+4)*'الافتراضات'!$D$119,0) | E31: =IF(AND('الافتراضات'!$C$112=1,E7>='الافتراضات'!$C$119),INDEX($C20:$BM20,1,E7-'الافتراضات'!$C$119+4)*'الافتراضات'!$D$119,0) | F31: =IF(AND('الافتراضات'!$C$112=1,F7>='الافتراضات'!$C$119),INDEX($C20:$BM20,1,F7-'الافتراضات'!$C$119+4)*'الافتراضات'!$D$119,0) | G31: =IF(AND('الافتراضات'!$C$112=1,G7>='الافتراضات'!$C$119),INDEX($C20:$BM20,1,G7-'الافتراضات'!$C$119+4)*'الافتراضات'!$D$119,0) | H31: =IF(AND('الافتراضات'!$C$112=1,H7>='الافتراضات'!$C$119),INDEX($C20:$BM20,1,H7-'الافتراضات'!$C$119+4)*'الافتراضات'!$D$119,0) | I31: =IF(AND('الافتراضات'!$C$112=1,I7>='الافتراضات'!$C$119),INDEX($C20:$BM20,1,I7-'الافتراضات'!$C$119+4)*'الافتراضات'!$D$119,0) | J31: =IF(AND('الافتراضات'!$C$112=1,J7>='الافتراضات'!$C$119),INDEX($C20:$BM20,1,J7-'الافتراضات'!$C$119+4)*'الافتراضات'!$D$119,0) | ... BM31: =IF(AND('الافتراضات'!$C$112=1,BM7>='الافتراضات'!$C$119),INDEX($C20:$BM20,1,BM7-'الافتراضات'!$C$119+4)*'الافتراضات'!$D$119,0)
A32: العملاء النشطون — كوم حمادة | B32: # | C32: =IF(AND('الافتراضات'!$C$112=1,C7>='الافتراضات'!$C$120),INDEX($C20:$BM20,1,C7-'الافتراضات'!$C$120+4)*'الافتراضات'!$D$120,0) | D32: =IF(AND('الافتراضات'!$C$112=1,D7>='الافتراضات'!$C$120),INDEX($C20:$BM20,1,D7-'الافتراضات'!$C$120+4)*'الافتراضات'!$D$120,0) | E32: =IF(AND('الافتراضات'!$C$112=1,E7>='الافتراضات'!$C$120),INDEX($C20:$BM20,1,E7-'الافتراضات'!$C$120+4)*'الافتراضات'!$D$120,0) | F32: =IF(AND('الافتراضات'!$C$112=1,F7>='الافتراضات'!$C$120),INDEX($C20:$BM20,1,F7-'الافتراضات'!$C$120+4)*'الافتراضات'!$D$120,0) | G32: =IF(AND('الافتراضات'!$C$112=1,G7>='الافتراضات'!$C$120),INDEX($C20:$BM20,1,G7-'الافتراضات'!$C$120+4)*'الافتراضات'!$D$120,0) | H32: =IF(AND('الافتراضات'!$C$112=1,H7>='الافتراضات'!$C$120),INDEX($C20:$BM20,1,H7-'الافتراضات'!$C$120+4)*'الافتراضات'!$D$120,0) | I32: =IF(AND('الافتراضات'!$C$112=1,I7>='الافتراضات'!$C$120),INDEX($C20:$BM20,1,I7-'الافتراضات'!$C$120+4)*'الافتراضات'!$D$120,0) | J32: =IF(AND('الافتراضات'!$C$112=1,J7>='الافتراضات'!$C$120),INDEX($C20:$BM20,1,J7-'الافتراضات'!$C$120+4)*'الافتراضات'!$D$120,0) | ... BM32: =IF(AND('الافتراضات'!$C$112=1,BM7>='الافتراضات'!$C$120),INDEX($C20:$BM20,1,BM7-'الافتراضات'!$C$120+4)*'الافتراضات'!$D$120,0)
A33: العملاء النشطون — بدر | B33: # | C33: =IF(AND('الافتراضات'!$C$112=1,C7>='الافتراضات'!$C$121),INDEX($C20:$BM20,1,C7-'الافتراضات'!$C$121+4)*'الافتراضات'!$D$121,0) | D33: =IF(AND('الافتراضات'!$C$112=1,D7>='الافتراضات'!$C$121),INDEX($C20:$BM20,1,D7-'الافتراضات'!$C$121+4)*'الافتراضات'!$D$121,0) | E33: =IF(AND('الافتراضات'!$C$112=1,E7>='الافتراضات'!$C$121),INDEX($C20:$BM20,1,E7-'الافتراضات'!$C$121+4)*'الافتراضات'!$D$121,0) | F33: =IF(AND('الافتراضات'!$C$112=1,F7>='الافتراضات'!$C$121),INDEX($C20:$BM20,1,F7-'الافتراضات'!$C$121+4)*'الافتراضات'!$D$121,0) | G33: =IF(AND('الافتراضات'!$C$112=1,G7>='الافتراضات'!$C$121),INDEX($C20:$BM20,1,G7-'الافتراضات'!$C$121+4)*'الافتراضات'!$D$121,0) | H33: =IF(AND('الافتراضات'!$C$112=1,H7>='الافتراضات'!$C$121),INDEX($C20:$BM20,1,H7-'الافتراضات'!$C$121+4)*'الافتراضات'!$D$121,0) | I33: =IF(AND('الافتراضات'!$C$112=1,I7>='الافتراضات'!$C$121),INDEX($C20:$BM20,1,I7-'الافتراضات'!$C$121+4)*'الافتراضات'!$D$121,0) | J33: =IF(AND('الافتراضات'!$C$112=1,J7>='الافتراضات'!$C$121),INDEX($C20:$BM20,1,J7-'الافتراضات'!$C$121+4)*'الافتراضات'!$D$121,0) | ... BM33: =IF(AND('الافتراضات'!$C$112=1,BM7>='الافتراضات'!$C$121),INDEX($C20:$BM20,1,BM7-'الافتراضات'!$C$121+4)*'الافتراضات'!$D$121,0)
A34: العملاء النشطون — (خانة احتياطية) | B34: # | C34: =IF(AND('الافتراضات'!$C$112=1,C7>='الافتراضات'!$C$122),INDEX($C20:$BM20,1,C7-'الافتراضات'!$C$122+4)*'الافتراضات'!$D$122,0) | D34: =IF(AND('الافتراضات'!$C$112=1,D7>='الافتراضات'!$C$122),INDEX($C20:$BM20,1,D7-'الافتراضات'!$C$122+4)*'الافتراضات'!$D$122,0) | E34: =IF(AND('الافتراضات'!$C$112=1,E7>='الافتراضات'!$C$122),INDEX($C20:$BM20,1,E7-'الافتراضات'!$C$122+4)*'الافتراضات'!$D$122,0) | F34: =IF(AND('الافتراضات'!$C$112=1,F7>='الافتراضات'!$C$122),INDEX($C20:$BM20,1,F7-'الافتراضات'!$C$122+4)*'الافتراضات'!$D$122,0) | G34: =IF(AND('الافتراضات'!$C$112=1,G7>='الافتراضات'!$C$122),INDEX($C20:$BM20,1,G7-'الافتراضات'!$C$122+4)*'الافتراضات'!$D$122,0) | H34: =IF(AND('الافتراضات'!$C$112=1,H7>='الافتراضات'!$C$122),INDEX($C20:$BM20,1,H7-'الافتراضات'!$C$122+4)*'الافتراضات'!$D$122,0) | I34: =IF(AND('الافتراضات'!$C$112=1,I7>='الافتراضات'!$C$122),INDEX($C20:$BM20,1,I7-'الافتراضات'!$C$122+4)*'الافتراضات'!$D$122,0) | J34: =IF(AND('الافتراضات'!$C$112=1,J7>='الافتراضات'!$C$122),INDEX($C20:$BM20,1,J7-'الافتراضات'!$C$122+4)*'الافتراضات'!$D$122,0) | ... BM34: =IF(AND('الافتراضات'!$C$112=1,BM7>='الافتراضات'!$C$122),INDEX($C20:$BM20,1,BM7-'الافتراضات'!$C$122+4)*'الافتراضات'!$D$122,0)
A35: الطلبات — حوش عيسى | B35: # | C35: =IF(AND('الافتراضات'!$C$112=1,C7>='الافتراضات'!$C$117),INDEX($C26:$BM26,1,C7-'الافتراضات'!$C$117+4)*'الافتراضات'!$D$117,0) | D35: =IF(AND('الافتراضات'!$C$112=1,D7>='الافتراضات'!$C$117),INDEX($C26:$BM26,1,D7-'الافتراضات'!$C$117+4)*'الافتراضات'!$D$117,0) | E35: =IF(AND('الافتراضات'!$C$112=1,E7>='الافتراضات'!$C$117),INDEX($C26:$BM26,1,E7-'الافتراضات'!$C$117+4)*'الافتراضات'!$D$117,0) | F35: =IF(AND('الافتراضات'!$C$112=1,F7>='الافتراضات'!$C$117),INDEX($C26:$BM26,1,F7-'الافتراضات'!$C$117+4)*'الافتراضات'!$D$117,0) | G35: =IF(AND('الافتراضات'!$C$112=1,G7>='الافتراضات'!$C$117),INDEX($C26:$BM26,1,G7-'الافتراضات'!$C$117+4)*'الافتراضات'!$D$117,0) | H35: =IF(AND('الافتراضات'!$C$112=1,H7>='الافتراضات'!$C$117),INDEX($C26:$BM26,1,H7-'الافتراضات'!$C$117+4)*'الافتراضات'!$D$117,0) | I35: =IF(AND('الافتراضات'!$C$112=1,I7>='الافتراضات'!$C$117),INDEX($C26:$BM26,1,I7-'الافتراضات'!$C$117+4)*'الافتراضات'!$D$117,0) | J35: =IF(AND('الافتراضات'!$C$112=1,J7>='الافتراضات'!$C$117),INDEX($C26:$BM26,1,J7-'الافتراضات'!$C$117+4)*'الافتراضات'!$D$117,0) | ... BM35: =IF(AND('الافتراضات'!$C$112=1,BM7>='الافتراضات'!$C$117),INDEX($C26:$BM26,1,BM7-'الافتراضات'!$C$117+4)*'الافتراضات'!$D$117,0)
A36: الطلبات — أبو حمص | B36: # | C36: =IF(AND('الافتراضات'!$C$112=1,C7>='الافتراضات'!$C$118),INDEX($C26:$BM26,1,C7-'الافتراضات'!$C$118+4)*'الافتراضات'!$D$118,0) | D36: =IF(AND('الافتراضات'!$C$112=1,D7>='الافتراضات'!$C$118),INDEX($C26:$BM26,1,D7-'الافتراضات'!$C$118+4)*'الافتراضات'!$D$118,0) | E36: =IF(AND('الافتراضات'!$C$112=1,E7>='الافتراضات'!$C$118),INDEX($C26:$BM26,1,E7-'الافتراضات'!$C$118+4)*'الافتراضات'!$D$118,0) | F36: =IF(AND('الافتراضات'!$C$112=1,F7>='الافتراضات'!$C$118),INDEX($C26:$BM26,1,F7-'الافتراضات'!$C$118+4)*'الافتراضات'!$D$118,0) | G36: =IF(AND('الافتراضات'!$C$112=1,G7>='الافتراضات'!$C$118),INDEX($C26:$BM26,1,G7-'الافتراضات'!$C$118+4)*'الافتراضات'!$D$118,0) | H36: =IF(AND('الافتراضات'!$C$112=1,H7>='الافتراضات'!$C$118),INDEX($C26:$BM26,1,H7-'الافتراضات'!$C$118+4)*'الافتراضات'!$D$118,0) | I36: =IF(AND('الافتراضات'!$C$112=1,I7>='الافتراضات'!$C$118),INDEX($C26:$BM26,1,I7-'الافتراضات'!$C$118+4)*'الافتراضات'!$D$118,0) | J36: =IF(AND('الافتراضات'!$C$112=1,J7>='الافتراضات'!$C$118),INDEX($C26:$BM26,1,J7-'الافتراضات'!$C$118+4)*'الافتراضات'!$D$118,0) | ... BM36: =IF(AND('الافتراضات'!$C$112=1,BM7>='الافتراضات'!$C$118),INDEX($C26:$BM26,1,BM7-'الافتراضات'!$C$118+4)*'الافتراضات'!$D$118,0)
A37: الطلبات — الدلنجات | B37: # | C37: =IF(AND('الافتراضات'!$C$112=1,C7>='الافتراضات'!$C$119),INDEX($C26:$BM26,1,C7-'الافتراضات'!$C$119+4)*'الافتراضات'!$D$119,0) | D37: =IF(AND('الافتراضات'!$C$112=1,D7>='الافتراضات'!$C$119),INDEX($C26:$BM26,1,D7-'الافتراضات'!$C$119+4)*'الافتراضات'!$D$119,0) | E37: =IF(AND('الافتراضات'!$C$112=1,E7>='الافتراضات'!$C$119),INDEX($C26:$BM26,1,E7-'الافتراضات'!$C$119+4)*'الافتراضات'!$D$119,0) | F37: =IF(AND('الافتراضات'!$C$112=1,F7>='الافتراضات'!$C$119),INDEX($C26:$BM26,1,F7-'الافتراضات'!$C$119+4)*'الافتراضات'!$D$119,0) | G37: =IF(AND('الافتراضات'!$C$112=1,G7>='الافتراضات'!$C$119),INDEX($C26:$BM26,1,G7-'الافتراضات'!$C$119+4)*'الافتراضات'!$D$119,0) | H37: =IF(AND('الافتراضات'!$C$112=1,H7>='الافتراضات'!$C$119),INDEX($C26:$BM26,1,H7-'الافتراضات'!$C$119+4)*'الافتراضات'!$D$119,0) | I37: =IF(AND('الافتراضات'!$C$112=1,I7>='الافتراضات'!$C$119),INDEX($C26:$BM26,1,I7-'الافتراضات'!$C$119+4)*'الافتراضات'!$D$119,0) | J37: =IF(AND('الافتراضات'!$C$112=1,J7>='الافتراضات'!$C$119),INDEX($C26:$BM26,1,J7-'الافتراضات'!$C$119+4)*'الافتراضات'!$D$119,0) | ... BM37: =IF(AND('الافتراضات'!$C$112=1,BM7>='الافتراضات'!$C$119),INDEX($C26:$BM26,1,BM7-'الافتراضات'!$C$119+4)*'الافتراضات'!$D$119,0)
A38: الطلبات — كوم حمادة | B38: # | C38: =IF(AND('الافتراضات'!$C$112=1,C7>='الافتراضات'!$C$120),INDEX($C26:$BM26,1,C7-'الافتراضات'!$C$120+4)*'الافتراضات'!$D$120,0) | D38: =IF(AND('الافتراضات'!$C$112=1,D7>='الافتراضات'!$C$120),INDEX($C26:$BM26,1,D7-'الافتراضات'!$C$120+4)*'الافتراضات'!$D$120,0) | E38: =IF(AND('الافتراضات'!$C$112=1,E7>='الافتراضات'!$C$120),INDEX($C26:$BM26,1,E7-'الافتراضات'!$C$120+4)*'الافتراضات'!$D$120,0) | F38: =IF(AND('الافتراضات'!$C$112=1,F7>='الافتراضات'!$C$120),INDEX($C26:$BM26,1,F7-'الافتراضات'!$C$120+4)*'الافتراضات'!$D$120,0) | G38: =IF(AND('الافتراضات'!$C$112=1,G7>='الافتراضات'!$C$120),INDEX($C26:$BM26,1,G7-'الافتراضات'!$C$120+4)*'الافتراضات'!$D$120,0) | H38: =IF(AND('الافتراضات'!$C$112=1,H7>='الافتراضات'!$C$120),INDEX($C26:$BM26,1,H7-'الافتراضات'!$C$120+4)*'الافتراضات'!$D$120,0) | I38: =IF(AND('الافتراضات'!$C$112=1,I7>='الافتراضات'!$C$120),INDEX($C26:$BM26,1,I7-'الافتراضات'!$C$120+4)*'الافتراضات'!$D$120,0) | J38: =IF(AND('الافتراضات'!$C$112=1,J7>='الافتراضات'!$C$120),INDEX($C26:$BM26,1,J7-'الافتراضات'!$C$120+4)*'الافتراضات'!$D$120,0) | ... BM38: =IF(AND('الافتراضات'!$C$112=1,BM7>='الافتراضات'!$C$120),INDEX($C26:$BM26,1,BM7-'الافتراضات'!$C$120+4)*'الافتراضات'!$D$120,0)
A39: الطلبات — بدر | B39: # | C39: =IF(AND('الافتراضات'!$C$112=1,C7>='الافتراضات'!$C$121),INDEX($C26:$BM26,1,C7-'الافتراضات'!$C$121+4)*'الافتراضات'!$D$121,0) | D39: =IF(AND('الافتراضات'!$C$112=1,D7>='الافتراضات'!$C$121),INDEX($C26:$BM26,1,D7-'الافتراضات'!$C$121+4)*'الافتراضات'!$D$121,0) | E39: =IF(AND('الافتراضات'!$C$112=1,E7>='الافتراضات'!$C$121),INDEX($C26:$BM26,1,E7-'الافتراضات'!$C$121+4)*'الافتراضات'!$D$121,0) | F39: =IF(AND('الافتراضات'!$C$112=1,F7>='الافتراضات'!$C$121),INDEX($C26:$BM26,1,F7-'الافتراضات'!$C$121+4)*'الافتراضات'!$D$121,0) | G39: =IF(AND('الافتراضات'!$C$112=1,G7>='الافتراضات'!$C$121),INDEX($C26:$BM26,1,G7-'الافتراضات'!$C$121+4)*'الافتراضات'!$D$121,0) | H39: =IF(AND('الافتراضات'!$C$112=1,H7>='الافتراضات'!$C$121),INDEX($C26:$BM26,1,H7-'الافتراضات'!$C$121+4)*'الافتراضات'!$D$121,0) | I39: =IF(AND('الافتراضات'!$C$112=1,I7>='الافتراضات'!$C$121),INDEX($C26:$BM26,1,I7-'الافتراضات'!$C$121+4)*'الافتراضات'!$D$121,0) | J39: =IF(AND('الافتراضات'!$C$112=1,J7>='الافتراضات'!$C$121),INDEX($C26:$BM26,1,J7-'الافتراضات'!$C$121+4)*'الافتراضات'!$D$121,0) | ... BM39: =IF(AND('الافتراضات'!$C$112=1,BM7>='الافتراضات'!$C$121),INDEX($C26:$BM26,1,BM7-'الافتراضات'!$C$121+4)*'الافتراضات'!$D$121,0)
A40: الطلبات — (خانة احتياطية) | B40: # | C40: =IF(AND('الافتراضات'!$C$112=1,C7>='الافتراضات'!$C$122),INDEX($C26:$BM26,1,C7-'الافتراضات'!$C$122+4)*'الافتراضات'!$D$122,0) | D40: =IF(AND('الافتراضات'!$C$112=1,D7>='الافتراضات'!$C$122),INDEX($C26:$BM26,1,D7-'الافتراضات'!$C$122+4)*'الافتراضات'!$D$122,0) | E40: =IF(AND('الافتراضات'!$C$112=1,E7>='الافتراضات'!$C$122),INDEX($C26:$BM26,1,E7-'الافتراضات'!$C$122+4)*'الافتراضات'!$D$122,0) | F40: =IF(AND('الافتراضات'!$C$112=1,F7>='الافتراضات'!$C$122),INDEX($C26:$BM26,1,F7-'الافتراضات'!$C$122+4)*'الافتراضات'!$D$122,0) | G40: =IF(AND('الافتراضات'!$C$112=1,G7>='الافتراضات'!$C$122),INDEX($C26:$BM26,1,G7-'الافتراضات'!$C$122+4)*'الافتراضات'!$D$122,0) | H40: =IF(AND('الافتراضات'!$C$112=1,H7>='الافتراضات'!$C$122),INDEX($C26:$BM26,1,H7-'الافتراضات'!$C$122+4)*'الافتراضات'!$D$122,0) | I40: =IF(AND('الافتراضات'!$C$112=1,I7>='الافتراضات'!$C$122),INDEX($C26:$BM26,1,I7-'الافتراضات'!$C$122+4)*'الافتراضات'!$D$122,0) | J40: =IF(AND('الافتراضات'!$C$112=1,J7>='الافتراضات'!$C$122),INDEX($C26:$BM26,1,J7-'الافتراضات'!$C$122+4)*'الافتراضات'!$D$122,0) | ... BM40: =IF(AND('الافتراضات'!$C$112=1,BM7>='الافتراضات'!$C$122),INDEX($C26:$BM26,1,BM7-'الافتراضات'!$C$122+4)*'الافتراضات'!$D$122,0)
A41: إنفاق الاستحواذ — حوش عيسى | B41: ج.م | C41: =IF(AND('الافتراضات'!$C$112=1,C7>='الافتراضات'!$C$117),INDEX($C13:$BM13,1,C7-'الافتراضات'!$C$117+4)*'الافتراضات'!$D$117,0) | D41: =IF(AND('الافتراضات'!$C$112=1,D7>='الافتراضات'!$C$117),INDEX($C13:$BM13,1,D7-'الافتراضات'!$C$117+4)*'الافتراضات'!$D$117,0) | E41: =IF(AND('الافتراضات'!$C$112=1,E7>='الافتراضات'!$C$117),INDEX($C13:$BM13,1,E7-'الافتراضات'!$C$117+4)*'الافتراضات'!$D$117,0) | F41: =IF(AND('الافتراضات'!$C$112=1,F7>='الافتراضات'!$C$117),INDEX($C13:$BM13,1,F7-'الافتراضات'!$C$117+4)*'الافتراضات'!$D$117,0) | G41: =IF(AND('الافتراضات'!$C$112=1,G7>='الافتراضات'!$C$117),INDEX($C13:$BM13,1,G7-'الافتراضات'!$C$117+4)*'الافتراضات'!$D$117,0) | H41: =IF(AND('الافتراضات'!$C$112=1,H7>='الافتراضات'!$C$117),INDEX($C13:$BM13,1,H7-'الافتراضات'!$C$117+4)*'الافتراضات'!$D$117,0) | I41: =IF(AND('الافتراضات'!$C$112=1,I7>='الافتراضات'!$C$117),INDEX($C13:$BM13,1,I7-'الافتراضات'!$C$117+4)*'الافتراضات'!$D$117,0) | J41: =IF(AND('الافتراضات'!$C$112=1,J7>='الافتراضات'!$C$117),INDEX($C13:$BM13,1,J7-'الافتراضات'!$C$117+4)*'الافتراضات'!$D$117,0) | ... BM41: =IF(AND('الافتراضات'!$C$112=1,BM7>='الافتراضات'!$C$117),INDEX($C13:$BM13,1,BM7-'الافتراضات'!$C$117+4)*'الافتراضات'!$D$117,0)
A42: إنفاق الاستحواذ — أبو حمص | B42: ج.م | C42: =IF(AND('الافتراضات'!$C$112=1,C7>='الافتراضات'!$C$118),INDEX($C13:$BM13,1,C7-'الافتراضات'!$C$118+4)*'الافتراضات'!$D$118,0) | D42: =IF(AND('الافتراضات'!$C$112=1,D7>='الافتراضات'!$C$118),INDEX($C13:$BM13,1,D7-'الافتراضات'!$C$118+4)*'الافتراضات'!$D$118,0) | E42: =IF(AND('الافتراضات'!$C$112=1,E7>='الافتراضات'!$C$118),INDEX($C13:$BM13,1,E7-'الافتراضات'!$C$118+4)*'الافتراضات'!$D$118,0) | F42: =IF(AND('الافتراضات'!$C$112=1,F7>='الافتراضات'!$C$118),INDEX($C13:$BM13,1,F7-'الافتراضات'!$C$118+4)*'الافتراضات'!$D$118,0) | G42: =IF(AND('الافتراضات'!$C$112=1,G7>='الافتراضات'!$C$118),INDEX($C13:$BM13,1,G7-'الافتراضات'!$C$118+4)*'الافتراضات'!$D$118,0) | H42: =IF(AND('الافتراضات'!$C$112=1,H7>='الافتراضات'!$C$118),INDEX($C13:$BM13,1,H7-'الافتراضات'!$C$118+4)*'الافتراضات'!$D$118,0) | I42: =IF(AND('الافتراضات'!$C$112=1,I7>='الافتراضات'!$C$118),INDEX($C13:$BM13,1,I7-'الافتراضات'!$C$118+4)*'الافتراضات'!$D$118,0) | J42: =IF(AND('الافتراضات'!$C$112=1,J7>='الافتراضات'!$C$118),INDEX($C13:$BM13,1,J7-'الافتراضات'!$C$118+4)*'الافتراضات'!$D$118,0) | ... BM42: =IF(AND('الافتراضات'!$C$112=1,BM7>='الافتراضات'!$C$118),INDEX($C13:$BM13,1,BM7-'الافتراضات'!$C$118+4)*'الافتراضات'!$D$118,0)
A43: إنفاق الاستحواذ — الدلنجات | B43: ج.م | C43: =IF(AND('الافتراضات'!$C$112=1,C7>='الافتراضات'!$C$119),INDEX($C13:$BM13,1,C7-'الافتراضات'!$C$119+4)*'الافتراضات'!$D$119,0) | D43: =IF(AND('الافتراضات'!$C$112=1,D7>='الافتراضات'!$C$119),INDEX($C13:$BM13,1,D7-'الافتراضات'!$C$119+4)*'الافتراضات'!$D$119,0) | E43: =IF(AND('الافتراضات'!$C$112=1,E7>='الافتراضات'!$C$119),INDEX($C13:$BM13,1,E7-'الافتراضات'!$C$119+4)*'الافتراضات'!$D$119,0) | F43: =IF(AND('الافتراضات'!$C$112=1,F7>='الافتراضات'!$C$119),INDEX($C13:$BM13,1,F7-'الافتراضات'!$C$119+4)*'الافتراضات'!$D$119,0) | G43: =IF(AND('الافتراضات'!$C$112=1,G7>='الافتراضات'!$C$119),INDEX($C13:$BM13,1,G7-'الافتراضات'!$C$119+4)*'الافتراضات'!$D$119,0) | H43: =IF(AND('الافتراضات'!$C$112=1,H7>='الافتراضات'!$C$119),INDEX($C13:$BM13,1,H7-'الافتراضات'!$C$119+4)*'الافتراضات'!$D$119,0) | I43: =IF(AND('الافتراضات'!$C$112=1,I7>='الافتراضات'!$C$119),INDEX($C13:$BM13,1,I7-'الافتراضات'!$C$119+4)*'الافتراضات'!$D$119,0) | J43: =IF(AND('الافتراضات'!$C$112=1,J7>='الافتراضات'!$C$119),INDEX($C13:$BM13,1,J7-'الافتراضات'!$C$119+4)*'الافتراضات'!$D$119,0) | ... BM43: =IF(AND('الافتراضات'!$C$112=1,BM7>='الافتراضات'!$C$119),INDEX($C13:$BM13,1,BM7-'الافتراضات'!$C$119+4)*'الافتراضات'!$D$119,0)
A44: إنفاق الاستحواذ — كوم حمادة | B44: ج.م | C44: =IF(AND('الافتراضات'!$C$112=1,C7>='الافتراضات'!$C$120),INDEX($C13:$BM13,1,C7-'الافتراضات'!$C$120+4)*'الافتراضات'!$D$120,0) | D44: =IF(AND('الافتراضات'!$C$112=1,D7>='الافتراضات'!$C$120),INDEX($C13:$BM13,1,D7-'الافتراضات'!$C$120+4)*'الافتراضات'!$D$120,0) | E44: =IF(AND('الافتراضات'!$C$112=1,E7>='الافتراضات'!$C$120),INDEX($C13:$BM13,1,E7-'الافتراضات'!$C$120+4)*'الافتراضات'!$D$120,0) | F44: =IF(AND('الافتراضات'!$C$112=1,F7>='الافتراضات'!$C$120),INDEX($C13:$BM13,1,F7-'الافتراضات'!$C$120+4)*'الافتراضات'!$D$120,0) | G44: =IF(AND('الافتراضات'!$C$112=1,G7>='الافتراضات'!$C$120),INDEX($C13:$BM13,1,G7-'الافتراضات'!$C$120+4)*'الافتراضات'!$D$120,0) | H44: =IF(AND('الافتراضات'!$C$112=1,H7>='الافتراضات'!$C$120),INDEX($C13:$BM13,1,H7-'الافتراضات'!$C$120+4)*'الافتراضات'!$D$120,0) | I44: =IF(AND('الافتراضات'!$C$112=1,I7>='الافتراضات'!$C$120),INDEX($C13:$BM13,1,I7-'الافتراضات'!$C$120+4)*'الافتراضات'!$D$120,0) | J44: =IF(AND('الافتراضات'!$C$112=1,J7>='الافتراضات'!$C$120),INDEX($C13:$BM13,1,J7-'الافتراضات'!$C$120+4)*'الافتراضات'!$D$120,0) | ... BM44: =IF(AND('الافتراضات'!$C$112=1,BM7>='الافتراضات'!$C$120),INDEX($C13:$BM13,1,BM7-'الافتراضات'!$C$120+4)*'الافتراضات'!$D$120,0)
A45: إنفاق الاستحواذ — بدر | B45: ج.م | C45: =IF(AND('الافتراضات'!$C$112=1,C7>='الافتراضات'!$C$121),INDEX($C13:$BM13,1,C7-'الافتراضات'!$C$121+4)*'الافتراضات'!$D$121,0) | D45: =IF(AND('الافتراضات'!$C$112=1,D7>='الافتراضات'!$C$121),INDEX($C13:$BM13,1,D7-'الافتراضات'!$C$121+4)*'الافتراضات'!$D$121,0) | E45: =IF(AND('الافتراضات'!$C$112=1,E7>='الافتراضات'!$C$121),INDEX($C13:$BM13,1,E7-'الافتراضات'!$C$121+4)*'الافتراضات'!$D$121,0) | F45: =IF(AND('الافتراضات'!$C$112=1,F7>='الافتراضات'!$C$121),INDEX($C13:$BM13,1,F7-'الافتراضات'!$C$121+4)*'الافتراضات'!$D$121,0) | G45: =IF(AND('الافتراضات'!$C$112=1,G7>='الافتراضات'!$C$121),INDEX($C13:$BM13,1,G7-'الافتراضات'!$C$121+4)*'الافتراضات'!$D$121,0) | H45: =IF(AND('الافتراضات'!$C$112=1,H7>='الافتراضات'!$C$121),INDEX($C13:$BM13,1,H7-'الافتراضات'!$C$121+4)*'الافتراضات'!$D$121,0) | I45: =IF(AND('الافتراضات'!$C$112=1,I7>='الافتراضات'!$C$121),INDEX($C13:$BM13,1,I7-'الافتراضات'!$C$121+4)*'الافتراضات'!$D$121,0) | J45: =IF(AND('الافتراضات'!$C$112=1,J7>='الافتراضات'!$C$121),INDEX($C13:$BM13,1,J7-'الافتراضات'!$C$121+4)*'الافتراضات'!$D$121,0) | ... BM45: =IF(AND('الافتراضات'!$C$112=1,BM7>='الافتراضات'!$C$121),INDEX($C13:$BM13,1,BM7-'الافتراضات'!$C$121+4)*'الافتراضات'!$D$121,0)
A46: إنفاق الاستحواذ — (خانة احتياطية) | B46: ج.م | C46: =IF(AND('الافتراضات'!$C$112=1,C7>='الافتراضات'!$C$122),INDEX($C13:$BM13,1,C7-'الافتراضات'!$C$122+4)*'الافتراضات'!$D$122,0) | D46: =IF(AND('الافتراضات'!$C$112=1,D7>='الافتراضات'!$C$122),INDEX($C13:$BM13,1,D7-'الافتراضات'!$C$122+4)*'الافتراضات'!$D$122,0) | E46: =IF(AND('الافتراضات'!$C$112=1,E7>='الافتراضات'!$C$122),INDEX($C13:$BM13,1,E7-'الافتراضات'!$C$122+4)*'الافتراضات'!$D$122,0) | F46: =IF(AND('الافتراضات'!$C$112=1,F7>='الافتراضات'!$C$122),INDEX($C13:$BM13,1,F7-'الافتراضات'!$C$122+4)*'الافتراضات'!$D$122,0) | G46: =IF(AND('الافتراضات'!$C$112=1,G7>='الافتراضات'!$C$122),INDEX($C13:$BM13,1,G7-'الافتراضات'!$C$122+4)*'الافتراضات'!$D$122,0) | H46: =IF(AND('الافتراضات'!$C$112=1,H7>='الافتراضات'!$C$122),INDEX($C13:$BM13,1,H7-'الافتراضات'!$C$122+4)*'الافتراضات'!$D$122,0) | I46: =IF(AND('الافتراضات'!$C$112=1,I7>='الافتراضات'!$C$122),INDEX($C13:$BM13,1,I7-'الافتراضات'!$C$122+4)*'الافتراضات'!$D$122,0) | J46: =IF(AND('الافتراضات'!$C$112=1,J7>='الافتراضات'!$C$122),INDEX($C13:$BM13,1,J7-'الافتراضات'!$C$122+4)*'الافتراضات'!$D$122,0) | ... BM46: =IF(AND('الافتراضات'!$C$112=1,BM7>='الافتراضات'!$C$122),INDEX($C13:$BM13,1,BM7-'الافتراضات'!$C$122+4)*'الافتراضات'!$D$122,0)
A47: مراكز التوسع العاملة | B47: # | C47: =IF(AND('الافتراضات'!$C$112=1,'الافتراضات'!$D$117>0,C7>='الافتراضات'!$C$117),1,0)+IF(AND('الافتراضات'!$C$112=1,'الافتراضات'!$D$118>0,C7>='الافتراضات'!$C$118),1,0)+IF(AND('الافتراضات'!$C$112=1,'الافتراضات'!$D$119>0,C7>='الافتراضات'!$C$119),1,0)+IF(AND('الافتراضات'!$C$112=1,'الافتراضات'!$D$120>0,C7>='الافتراضات'!$C$120),1,0)+IF(AND('الافتراضات'!$C$112=1,'الافتراضات'!$D$121>0,C7>='الافتراضات'!$C$121),1,0)+IF(AND('الافتراضات'!$C$112=1,'الافتراضات'!$D$122>0,C7>='الافتراضات'!$C$122),1,0) | D47: =IF(AND('الافتراضات'!$C$112=1,'الافتراضات'!$D$117>0,D7>='الافتراضات'!$C$117),1,0)+IF(AND('الافتراضات'!$C$112=1,'الافتراضات'!$D$118>0,D7>='الافتراضات'!$C$118),1,0)+IF(AND('الافتراضات'!$C$112=1,'الافتراضات'!$D$119>0,D7>='الافتراضات'!$C$119),1,0)+IF(AND('الافتراضات'!$C$112=1,'الافتراضات'!$D$120>0,D7>='الافتراضات'!$C$120),1,0)+IF(AND('الافتراضات'!$C$112=1,'الافتراضات'!$D$121>0,D7>='الافتراضات'!$C$121),1,0)+IF(AND('الافتراضات'!$C$112=1,'الافتراضات'!$D$122>0,D7>='الافتراضات'!$C$122),1,0) | E47: =IF(AND('الافتراضات'!$C$112=1,'الافتراضات'!$D$117>0,E7>='الافتراضات'!$C$117),1,0)+IF(AND('الافتراضات'!$C$112=1,'الافتراضات'!$D$118>0,E7>='الافتراضات'!$C$118),1,0)+IF(AND('الافتراضات'!$C$112=1,'الافتراضات'!$D$119>0,E7>='الافتراضات'!$C$119),1,0)+IF(AND('الافتراضات'!$C$112=1,'الافتراضات'!$D$120>0,E7>='الافتراضات'!$C$120),1,0)+IF(AND('الافتراضات'!$C$112=1,'الافتراضات'!$D$121>0,E7>='الافتراضات'!$C$121),1,0)+IF(AND('الافتراضات'!$C$112=1,'الافتراضات'!$D$122>0,E7>='الافتراضات'!$C$122),1,0) | F47: =IF(AND('الافتراضات'!$C$112=1,'الافتراضات'!$D$117>0,F7>='الافتراضات'!$C$117),1,0)+IF(AND('الافتراضات'!$C$112=1,'الافتراضات'!$D$118>0,F7>='الافتراضات'!$C$118),1,0)+IF(AND('الافتراضات'!$C$112=1,'الافتراضات'!$D$119>0,F7>='الافتراضات'!$C$119),1,0)+IF(AND('الافتراضات'!$C$112=1,'الافتراضات'!$D$120>0,F7>='الافتراضات'!$C$120),1,0)+IF(AND('الافتراضات'!$C$112=1,'الافتراضات'!$D$121>0,F7>='الافتراضات'!$C$121),1,0)+IF(AND('الافتراضات'!$C$112=1,'الافتراضات'!$D$122>0,F7>='الافتراضات'!$C$122),1,0) | G47: =IF(AND('الافتراضات'!$C$112=1,'الافتراضات'!$D$117>0,G7>='الافتراضات'!$C$117),1,0)+IF(AND('الافتراضات'!$C$112=1,'الافتراضات'!$D$118>0,G7>='الافتراضات'!$C$118),1,0)+IF(AND('الافتراضات'!$C$112=1,'الافتراضات'!$D$119>0,G7>='الافتراضات'!$C$119),1,0)+IF(AND('الافتراضات'!$C$112=1,'الافتراضات'!$D$120>0,G7>='الافتراضات'!$C$120),1,0)+IF(AND('الافتراضات'!$C$112=1,'الافتراضات'!$D$121>0,G7>='الافتراضات'!$C$121),1,0)+IF(AND('الافتراضات'!$C$112=1,'الافتراضات'!$D$122>0,G7>='الافتراضات'!$C$122),1,0) | H47: =IF(AND('الافتراضات'!$C$112=1,'الافتراضات'!$D$117>0,H7>='الافتراضات'!$C$117),1,0)+IF(AND('الافتراضات'!$C$112=1,'الافتراضات'!$D$118>0,H7>='الافتراضات'!$C$118),1,0)+IF(AND('الافتراضات'!$C$112=1,'الافتراضات'!$D$119>0,H7>='الافتراضات'!$C$119),1,0)+IF(AND('الافتراضات'!$C$112=1,'الافتراضات'!$D$120>0,H7>='الافتراضات'!$C$120),1,0)+IF(AND('الافتراضات'!$C$112=1,'الافتراضات'!$D$121>0,H7>='الافتراضات'!$C$121),1,0)+IF(AND('الافتراضات'!$C$112=1,'الافتراضات'!$D$122>0,H7>='الافتراضات'!$C$122),1,0) | I47: =IF(AND('الافتراضات'!$C$112=1,'الافتراضات'!$D$117>0,I7>='الافتراضات'!$C$117),1,0)+IF(AND('الافتراضات'!$C$112=1,'الافتراضات'!$D$118>0,I7>='الافتراضات'!$C$118),1,0)+IF(AND('الافتراضات'!$C$112=1,'الافتراضات'!$D$119>0,I7>='الافتراضات'!$C$119),1,0)+IF(AND('الافتراضات'!$C$112=1,'الافتراضات'!$D$120>0,I7>='الافتراضات'!$C$120),1,0)+IF(AND('الافتراضات'!$C$112=1,'الافتراضات'!$D$121>0,I7>='الافتراضات'!$C$121),1,0)+IF(AND('الافتراضات'!$C$112=1,'الافتراضات'!$D$122>0,I7>='الافتراضات'!$C$122),1,0) | J47: =IF(AND('الافتراضات'!$C$112=1,'الافتراضات'!$D$117>0,J7>='الافتراضات'!$C$117),1,0)+IF(AND('الافتراضات'!$C$112=1,'الافتراضات'!$D$118>0,J7>='الافتراضات'!$C$118),1,0)+IF(AND('الافتراضات'!$C$112=1,'الافتراضات'!$D$119>0,J7>='الافتراضات'!$C$119),1,0)+IF(AND('الافتراضات'!$C$112=1,'الافتراضات'!$D$120>0,J7>='الافتراضات'!$C$120),1,0)+IF(AND('الافتراضات'!$C$112=1,'الافتراضات'!$D$121>0,J7>='الافتراضات'!$C$121),1,0)+IF(AND('الافتراضات'!$C$112=1,'الافتراضات'!$D$122>0,J7>='الافتراضات'!$C$122),1,0) | ... BM47: =IF(AND('الافتراضات'!$C$112=1,'الافتراضات'!$D$117>0,BM7>='الافتراضات'!$C$117),1,0)+IF(AND('الافتراضات'!$C$112=1,'الافتراضات'!$D$118>0,BM7>='الافتراضات'!$C$118),1,0)+IF(AND('الافتراضات'!$C$112=1,'الافتراضات'!$D$119>0,BM7>='الافتراضات'!$C$119),1,0)+IF(AND('الافتراضات'!$C$112=1,'الافتراضات'!$D$120>0,BM7>='الافتراضات'!$C$120),1,0)+IF(AND('الافتراضات'!$C$112=1,'الافتراضات'!$D$121>0,BM7>='الافتراضات'!$C$121),1,0)+IF(AND('الافتراضات'!$C$112=1,'الافتراضات'!$D$122>0,BM7>='الافتراضات'!$C$122),1,0)
A48: مراكز التوسع في شهر ما قبل الإطلاق | B48: # | C48: =IF(AND('الافتراضات'!$C$112=1,'الافتراضات'!$D$117>0,C7='الافتراضات'!$C$117-1),1,0)+IF(AND('الافتراضات'!$C$112=1,'الافتراضات'!$D$118>0,C7='الافتراضات'!$C$118-1),1,0)+IF(AND('الافتراضات'!$C$112=1,'الافتراضات'!$D$119>0,C7='الافتراضات'!$C$119-1),1,0)+IF(AND('الافتراضات'!$C$112=1,'الافتراضات'!$D$120>0,C7='الافتراضات'!$C$120-1),1,0)+IF(AND('الافتراضات'!$C$112=1,'الافتراضات'!$D$121>0,C7='الافتراضات'!$C$121-1),1,0)+IF(AND('الافتراضات'!$C$112=1,'الافتراضات'!$D$122>0,C7='الافتراضات'!$C$122-1),1,0) | D48: =IF(AND('الافتراضات'!$C$112=1,'الافتراضات'!$D$117>0,D7='الافتراضات'!$C$117-1),1,0)+IF(AND('الافتراضات'!$C$112=1,'الافتراضات'!$D$118>0,D7='الافتراضات'!$C$118-1),1,0)+IF(AND('الافتراضات'!$C$112=1,'الافتراضات'!$D$119>0,D7='الافتراضات'!$C$119-1),1,0)+IF(AND('الافتراضات'!$C$112=1,'الافتراضات'!$D$120>0,D7='الافتراضات'!$C$120-1),1,0)+IF(AND('الافتراضات'!$C$112=1,'الافتراضات'!$D$121>0,D7='الافتراضات'!$C$121-1),1,0)+IF(AND('الافتراضات'!$C$112=1,'الافتراضات'!$D$122>0,D7='الافتراضات'!$C$122-1),1,0) | E48: =IF(AND('الافتراضات'!$C$112=1,'الافتراضات'!$D$117>0,E7='الافتراضات'!$C$117-1),1,0)+IF(AND('الافتراضات'!$C$112=1,'الافتراضات'!$D$118>0,E7='الافتراضات'!$C$118-1),1,0)+IF(AND('الافتراضات'!$C$112=1,'الافتراضات'!$D$119>0,E7='الافتراضات'!$C$119-1),1,0)+IF(AND('الافتراضات'!$C$112=1,'الافتراضات'!$D$120>0,E7='الافتراضات'!$C$120-1),1,0)+IF(AND('الافتراضات'!$C$112=1,'الافتراضات'!$D$121>0,E7='الافتراضات'!$C$121-1),1,0)+IF(AND('الافتراضات'!$C$112=1,'الافتراضات'!$D$122>0,E7='الافتراضات'!$C$122-1),1,0) | F48: =IF(AND('الافتراضات'!$C$112=1,'الافتراضات'!$D$117>0,F7='الافتراضات'!$C$117-1),1,0)+IF(AND('الافتراضات'!$C$112=1,'الافتراضات'!$D$118>0,F7='الافتراضات'!$C$118-1),1,0)+IF(AND('الافتراضات'!$C$112=1,'الافتراضات'!$D$119>0,F7='الافتراضات'!$C$119-1),1,0)+IF(AND('الافتراضات'!$C$112=1,'الافتراضات'!$D$120>0,F7='الافتراضات'!$C$120-1),1,0)+IF(AND('الافتراضات'!$C$112=1,'الافتراضات'!$D$121>0,F7='الافتراضات'!$C$121-1),1,0)+IF(AND('الافتراضات'!$C$112=1,'الافتراضات'!$D$122>0,F7='الافتراضات'!$C$122-1),1,0) | G48: =IF(AND('الافتراضات'!$C$112=1,'الافتراضات'!$D$117>0,G7='الافتراضات'!$C$117-1),1,0)+IF(AND('الافتراضات'!$C$112=1,'الافتراضات'!$D$118>0,G7='الافتراضات'!$C$118-1),1,0)+IF(AND('الافتراضات'!$C$112=1,'الافتراضات'!$D$119>0,G7='الافتراضات'!$C$119-1),1,0)+IF(AND('الافتراضات'!$C$112=1,'الافتراضات'!$D$120>0,G7='الافتراضات'!$C$120-1),1,0)+IF(AND('الافتراضات'!$C$112=1,'الافتراضات'!$D$121>0,G7='الافتراضات'!$C$121-1),1,0)+IF(AND('الافتراضات'!$C$112=1,'الافتراضات'!$D$122>0,G7='الافتراضات'!$C$122-1),1,0) | H48: =IF(AND('الافتراضات'!$C$112=1,'الافتراضات'!$D$117>0,H7='الافتراضات'!$C$117-1),1,0)+IF(AND('الافتراضات'!$C$112=1,'الافتراضات'!$D$118>0,H7='الافتراضات'!$C$118-1),1,0)+IF(AND('الافتراضات'!$C$112=1,'الافتراضات'!$D$119>0,H7='الافتراضات'!$C$119-1),1,0)+IF(AND('الافتراضات'!$C$112=1,'الافتراضات'!$D$120>0,H7='الافتراضات'!$C$120-1),1,0)+IF(AND('الافتراضات'!$C$112=1,'الافتراضات'!$D$121>0,H7='الافتراضات'!$C$121-1),1,0)+IF(AND('الافتراضات'!$C$112=1,'الافتراضات'!$D$122>0,H7='الافتراضات'!$C$122-1),1,0) | I48: =IF(AND('الافتراضات'!$C$112=1,'الافتراضات'!$D$117>0,I7='الافتراضات'!$C$117-1),1,0)+IF(AND('الافتراضات'!$C$112=1,'الافتراضات'!$D$118>0,I7='الافتراضات'!$C$118-1),1,0)+IF(AND('الافتراضات'!$C$112=1,'الافتراضات'!$D$119>0,I7='الافتراضات'!$C$119-1),1,0)+IF(AND('الافتراضات'!$C$112=1,'الافتراضات'!$D$120>0,I7='الافتراضات'!$C$120-1),1,0)+IF(AND('الافتراضات'!$C$112=1,'الافتراضات'!$D$121>0,I7='الافتراضات'!$C$121-1),1,0)+IF(AND('الافتراضات'!$C$112=1,'الافتراضات'!$D$122>0,I7='الافتراضات'!$C$122-1),1,0) | J48: =IF(AND('الافتراضات'!$C$112=1,'الافتراضات'!$D$117>0,J7='الافتراضات'!$C$117-1),1,0)+IF(AND('الافتراضات'!$C$112=1,'الافتراضات'!$D$118>0,J7='الافتراضات'!$C$118-1),1,0)+IF(AND('الافتراضات'!$C$112=1,'الافتراضات'!$D$119>0,J7='الافتراضات'!$C$119-1),1,0)+IF(AND('الافتراضات'!$C$112=1,'الافتراضات'!$D$120>0,J7='الافتراضات'!$C$120-1),1,0)+IF(AND('الافتراضات'!$C$112=1,'الافتراضات'!$D$121>0,J7='الافتراضات'!$C$121-1),1,0)+IF(AND('الافتراضات'!$C$112=1,'الافتراضات'!$D$122>0,J7='الافتراضات'!$C$122-1),1,0) | ... BM48: =IF(AND('الافتراضات'!$C$112=1,'الافتراضات'!$D$117>0,BM7='الافتراضات'!$C$117-1),1,0)+IF(AND('الافتراضات'!$C$112=1,'الافتراضات'!$D$118>0,BM7='الافتراضات'!$C$118-1),1,0)+IF(AND('الافتراضات'!$C$112=1,'الافتراضات'!$D$119>0,BM7='الافتراضات'!$C$119-1),1,0)+IF(AND('الافتراضات'!$C$112=1,'الافتراضات'!$D$120>0,BM7='الافتراضات'!$C$120-1),1,0)+IF(AND('الافتراضات'!$C$112=1,'الافتراضات'!$D$121>0,BM7='الافتراضات'!$C$121-1),1,0)+IF(AND('الافتراضات'!$C$112=1,'الافتراضات'!$D$122>0,BM7='الافتراضات'!$C$122-1),1,0)
A50: إجماليات المجموعة
A51: المراكز العاملة (شامل أبو المطامير) | B51: # | C51: =C8+C47 | D51: =D8+D47 | E51: =E8+E47 | F51: =F8+F47 | G51: =G8+G47 | H51: =H8+H47 | I51: =I8+I47 | J51: =J8+J47 | ... BM51: =BM8+BM47
A52: العملاء النشطون — المجموعة | B52: # | C52: =C20+SUM(C29:C34) | D52: =D20+SUM(D29:D34) | E52: =E20+SUM(E29:E34) | F52: =F20+SUM(F29:F34) | G52: =G20+SUM(G29:G34) | H52: =H20+SUM(H29:H34) | I52: =I20+SUM(I29:I34) | J52: =J20+SUM(J29:J34) | ... BM52: =BM20+SUM(BM29:BM34)
A53: إنفاق الاستحواذ — المجموعة | B53: ج.م | C53: =C13+SUM(C41:C46) | D53: =D13+SUM(D41:D46) | E53: =E13+SUM(E41:E46) | F53: =F13+SUM(F41:F46) | G53: =G13+SUM(G41:G46) | H53: =H13+SUM(H41:H46) | I53: =I13+SUM(I41:I46) | J53: =J13+SUM(J41:J46) | ... BM53: =BM13+SUM(BM41:BM46)
A54: طلبات العملاء — المجموعة | B54: # | C54: =C26+SUM(C35:C40) | D54: =D26+SUM(D35:D40) | E54: =E26+SUM(E35:E40) | F54: =F26+SUM(F35:F40) | G54: =G26+SUM(G35:G40) | H54: =H26+SUM(H35:H40) | I54: =I26+SUM(I35:I40) | J54: =J26+SUM(J35:J40) | ... BM54: =BM26+SUM(BM35:BM40)
A55: طلبات العملاء في اليوم | B55: # | C55: =C54/30.4 | D55: =D54/30.4 | E55: =E54/30.4 | F55: =F54/30.4 | G55: =G54/30.4 | H55: =H54/30.4 | I55: =I54/30.4 | J55: =J54/30.4 | ... BM55: =BM54/30.4
A56: توصيلات التوصيل كخدمة (طلبات التجار الخاصة) | B56: # | C56: =IF(C7>='الافتراضات'!$C$58,INDEX('الافتراضات'!$C$56:$G$56,C$9)*30.4,0) | D56: =IF(D7>='الافتراضات'!$C$58,INDEX('الافتراضات'!$C$56:$G$56,D$9)*30.4,0) | E56: =IF(E7>='الافتراضات'!$C$58,INDEX('الافتراضات'!$C$56:$G$56,E$9)*30.4,0) | F56: =IF(F7>='الافتراضات'!$C$58,INDEX('الافتراضات'!$C$56:$G$56,F$9)*30.4,0) | G56: =IF(G7>='الافتراضات'!$C$58,INDEX('الافتراضات'!$C$56:$G$56,G$9)*30.4,0) | H56: =IF(H7>='الافتراضات'!$C$58,INDEX('الافتراضات'!$C$56:$G$56,H$9)*30.4,0) | I56: =IF(I7>='الافتراضات'!$C$58,INDEX('الافتراضات'!$C$56:$G$56,I$9)*30.4,0) | J56: =IF(J7>='الافتراضات'!$C$58,INDEX('الافتراضات'!$C$56:$G$56,J$9)*30.4,0) | ... BM56: =IF(BM7>='الافتراضات'!$C$58,INDEX('الافتراضات'!$C$56:$G$56,BM$9)*30.4,0)
A57: متوسط قيمة الطلب | B57: ج.م | C57: =INDEX('الافتراضات'!$C$37:$G$37,C$9)*'الافتراضات'!$F$11 | D57: =INDEX('الافتراضات'!$C$37:$G$37,D$9)*'الافتراضات'!$F$11 | E57: =INDEX('الافتراضات'!$C$37:$G$37,E$9)*'الافتراضات'!$F$11 | F57: =INDEX('الافتراضات'!$C$37:$G$37,F$9)*'الافتراضات'!$F$11 | G57: =INDEX('الافتراضات'!$C$37:$G$37,G$9)*'الافتراضات'!$F$11 | H57: =INDEX('الافتراضات'!$C$37:$G$37,H$9)*'الافتراضات'!$F$11 | I57: =INDEX('الافتراضات'!$C$37:$G$37,I$9)*'الافتراضات'!$F$11 | J57: =INDEX('الافتراضات'!$C$37:$G$37,J$9)*'الافتراضات'!$F$11 | ... BM57: =INDEX('الافتراضات'!$C$37:$G$37,BM$9)*'الافتراضات'!$F$11
A58: GMV — الإجمالي | B58: ج.م | C58: =C54*C57 | D58: =D54*D57 | E58: =E54*E57 | F58: =F54*F57 | G58: =G54*G57 | H58: =H54*H57 | I58: =I54*I57 | J58: =J54*J57 | ... BM58: =BM54*BM57
A59: GMV — مخزون توّا المملوك | B59: ج.م | C59: =C58*INDEX('الافتراضات'!$C$38:$G$38,C$9) | D59: =D58*INDEX('الافتراضات'!$C$38:$G$38,D$9) | E59: =E58*INDEX('الافتراضات'!$C$38:$G$38,E$9) | F59: =F58*INDEX('الافتراضات'!$C$38:$G$38,F$9) | G59: =G58*INDEX('الافتراضات'!$C$38:$G$38,G$9) | H59: =H58*INDEX('الافتراضات'!$C$38:$G$38,H$9) | I59: =I58*INDEX('الافتراضات'!$C$38:$G$38,I$9) | J59: =J58*INDEX('الافتراضات'!$C$38:$G$38,J$9) | ... BM59: =BM58*INDEX('الافتراضات'!$C$38:$G$38,BM$9)
A60: GMV — السوق والصيدليات الشريكة | B60: ج.م | C60: =C58*INDEX('الافتراضات'!$C$39:$G$39,C$9) | D60: =D58*INDEX('الافتراضات'!$C$39:$G$39,D$9) | E60: =E58*INDEX('الافتراضات'!$C$39:$G$39,E$9) | F60: =F58*INDEX('الافتراضات'!$C$39:$G$39,F$9) | G60: =G58*INDEX('الافتراضات'!$C$39:$G$39,G$9) | H60: =H58*INDEX('الافتراضات'!$C$39:$G$39,H$9) | I60: =I58*INDEX('الافتراضات'!$C$39:$G$39,I$9) | J60: =J58*INDEX('الافتراضات'!$C$39:$G$39,J$9) | ... BM60: =BM58*INDEX('الافتراضات'!$C$39:$G$39,BM$9)
A61: GMV — الأكل | B61: ج.م | C61: =C58*INDEX('الافتراضات'!$C$40:$G$40,C$9) | D61: =D58*INDEX('الافتراضات'!$C$40:$G$40,D$9) | E61: =E58*INDEX('الافتراضات'!$C$40:$G$40,E$9) | F61: =F58*INDEX('الافتراضات'!$C$40:$G$40,F$9) | G61: =G58*INDEX('الافتراضات'!$C$40:$G$40,G$9) | H61: =H58*INDEX('الافتراضات'!$C$40:$G$40,H$9) | I61: =I58*INDEX('الافتراضات'!$C$40:$G$40,I$9) | J61: =J58*INDEX('الافتراضات'!$C$40:$G$40,J$9) | ... BM61: =BM58*INDEX('الافتراضات'!$C$40:$G$40,BM$9)
A63: مصادر الإيراد
A64: 1. مبيعات المنتجات (مخزون مملوك) | B64: ج.م | C64: =C59 | D64: =D59 | E64: =E59 | F64: =F59 | G64: =G59 | H64: =H59 | I64: =I59 | J64: =J59 | ... BM64: =BM59
A65: 2. عمولة السوق والصيدليات | B65: ج.م | C65: =C60*INDEX('الافتراضات'!$C$48:$G$48,C$9) | D65: =D60*INDEX('الافتراضات'!$C$48:$G$48,D$9) | E65: =E60*INDEX('الافتراضات'!$C$48:$G$48,E$9) | F65: =F60*INDEX('الافتراضات'!$C$48:$G$48,F$9) | G65: =G60*INDEX('الافتراضات'!$C$48:$G$48,G$9) | H65: =H60*INDEX('الافتراضات'!$C$48:$G$48,H$9) | I65: =I60*INDEX('الافتراضات'!$C$48:$G$48,I$9) | J65: =J60*INDEX('الافتراضات'!$C$48:$G$48,J$9) | ... BM65: =BM60*INDEX('الافتراضات'!$C$48:$G$48,BM$9)
A66: 3. عمولة المطاعم | B66: ج.م | C66: =C61*INDEX('الافتراضات'!$C$49:$G$49,C$9) | D66: =D61*INDEX('الافتراضات'!$C$49:$G$49,D$9) | E66: =E61*INDEX('الافتراضات'!$C$49:$G$49,E$9) | F66: =F61*INDEX('الافتراضات'!$C$49:$G$49,F$9) | G66: =G61*INDEX('الافتراضات'!$C$49:$G$49,G$9) | H66: =H61*INDEX('الافتراضات'!$C$49:$G$49,H$9) | I66: =I61*INDEX('الافتراضات'!$C$49:$G$49,I$9) | J66: =J61*INDEX('الافتراضات'!$C$49:$G$49,J$9) | ... BM66: =BM61*INDEX('الافتراضات'!$C$49:$G$49,BM$9)
A67: حصة الطلبات من مشتركي توّا+ | B67: % | C67: =MIN(1,INDEX('الافتراضات'!$C$54:$G$54,C$9)*'الافتراضات'!$C$55) | D67: =MIN(1,INDEX('الافتراضات'!$C$54:$G$54,D$9)*'الافتراضات'!$C$55) | E67: =MIN(1,INDEX('الافتراضات'!$C$54:$G$54,E$9)*'الافتراضات'!$C$55) | F67: =MIN(1,INDEX('الافتراضات'!$C$54:$G$54,F$9)*'الافتراضات'!$C$55) | G67: =MIN(1,INDEX('الافتراضات'!$C$54:$G$54,G$9)*'الافتراضات'!$C$55) | H67: =MIN(1,INDEX('الافتراضات'!$C$54:$G$54,H$9)*'الافتراضات'!$C$55) | I67: =MIN(1,INDEX('الافتراضات'!$C$54:$G$54,I$9)*'الافتراضات'!$C$55) | J67: =MIN(1,INDEX('الافتراضات'!$C$54:$G$54,J$9)*'الافتراضات'!$C$55) | ... BM67: =MIN(1,INDEX('الافتراضات'!$C$54:$G$54,BM$9)*'الافتراضات'!$C$55)
A68: 4. رسوم التوصيل | B68: ج.م | C68: =C54*INDEX('الافتراضات'!$C$51:$G$51,C$9)*(1-C67)*INDEX('الافتراضات'!$C$50:$G$50,C$9) | D68: =D54*INDEX('الافتراضات'!$C$51:$G$51,D$9)*(1-D67)*INDEX('الافتراضات'!$C$50:$G$50,D$9) | E68: =E54*INDEX('الافتراضات'!$C$51:$G$51,E$9)*(1-E67)*INDEX('الافتراضات'!$C$50:$G$50,E$9) | F68: =F54*INDEX('الافتراضات'!$C$51:$G$51,F$9)*(1-F67)*INDEX('الافتراضات'!$C$50:$G$50,F$9) | G68: =G54*INDEX('الافتراضات'!$C$51:$G$51,G$9)*(1-G67)*INDEX('الافتراضات'!$C$50:$G$50,G$9) | H68: =H54*INDEX('الافتراضات'!$C$51:$G$51,H$9)*(1-H67)*INDEX('الافتراضات'!$C$50:$G$50,H$9) | I68: =I54*INDEX('الافتراضات'!$C$51:$G$51,I$9)*(1-I67)*INDEX('الافتراضات'!$C$50:$G$50,I$9) | J68: =J54*INDEX('الافتراضات'!$C$51:$G$51,J$9)*(1-J67)*INDEX('الافتراضات'!$C$50:$G$50,J$9) | ... BM68: =BM54*INDEX('الافتراضات'!$C$51:$G$51,BM$9)*(1-BM67)*INDEX('الافتراضات'!$C$50:$G$50,BM$9)
A69: 5. رسوم الخدمة | B69: ج.م | C69: =C54*INDEX('الافتراضات'!$C$52:$G$52,C$9) | D69: =D54*INDEX('الافتراضات'!$C$52:$G$52,D$9) | E69: =E54*INDEX('الافتراضات'!$C$52:$G$52,E$9) | F69: =F54*INDEX('الافتراضات'!$C$52:$G$52,F$9) | G69: =G54*INDEX('الافتراضات'!$C$52:$G$52,G$9) | H69: =H54*INDEX('الافتراضات'!$C$52:$G$52,H$9) | I69: =I54*INDEX('الافتراضات'!$C$52:$G$52,I$9) | J69: =J54*INDEX('الافتراضات'!$C$52:$G$52,J$9) | ... BM69: =BM54*INDEX('الافتراضات'!$C$52:$G$52,BM$9)
A70: 6. اشتراكات توّا+ | B70: ج.م | C70: =C52*INDEX('الافتراضات'!$C$54:$G$54,C$9)*INDEX('الافتراضات'!$C$53:$G$53,C$9) | D70: =D52*INDEX('الافتراضات'!$C$54:$G$54,D$9)*INDEX('الافتراضات'!$C$53:$G$53,D$9) | E70: =E52*INDEX('الافتراضات'!$C$54:$G$54,E$9)*INDEX('الافتراضات'!$C$53:$G$53,E$9) | F70: =F52*INDEX('الافتراضات'!$C$54:$G$54,F$9)*INDEX('الافتراضات'!$C$53:$G$53,F$9) | G70: =G52*INDEX('الافتراضات'!$C$54:$G$54,G$9)*INDEX('الافتراضات'!$C$53:$G$53,G$9) | H70: =H52*INDEX('الافتراضات'!$C$54:$G$54,H$9)*INDEX('الافتراضات'!$C$53:$G$53,H$9) | I70: =I52*INDEX('الافتراضات'!$C$54:$G$54,I$9)*INDEX('الافتراضات'!$C$53:$G$53,I$9) | J70: =J52*INDEX('الافتراضات'!$C$54:$G$54,J$9)*INDEX('الافتراضات'!$C$53:$G$53,J$9) | ... BM70: =BM52*INDEX('الافتراضات'!$C$54:$G$54,BM$9)*INDEX('الافتراضات'!$C$53:$G$53,BM$9)
A71: 7. رسوم التوصيل كخدمة | B71: ج.م | C71: =C56*INDEX('الافتراضات'!$C$57:$G$57,C$9) | D71: =D56*INDEX('الافتراضات'!$C$57:$G$57,D$9) | E71: =E56*INDEX('الافتراضات'!$C$57:$G$57,E$9) | F71: =F56*INDEX('الافتراضات'!$C$57:$G$57,F$9) | G71: =G56*INDEX('الافتراضات'!$C$57:$G$57,G$9) | H71: =H56*INDEX('الافتراضات'!$C$57:$G$57,H$9) | I71: =I56*INDEX('الافتراضات'!$C$57:$G$57,I$9) | J71: =J56*INDEX('الافتراضات'!$C$57:$G$57,J$9) | ... BM71: =BM56*INDEX('الافتراضات'!$C$57:$G$57,BM$9)
A72: 8. إعلانات التطبيق (أماكن مدفوعة) | B72: ج.م | C72: =C59*INDEX('الافتراضات'!$C$47:$G$47,C$9) | D72: =D59*INDEX('الافتراضات'!$C$47:$G$47,D$9) | E72: =E59*INDEX('الافتراضات'!$C$47:$G$47,E$9) | F72: =F59*INDEX('الافتراضات'!$C$47:$G$47,F$9) | G72: =G59*INDEX('الافتراضات'!$C$47:$G$47,G$9) | H72: =H59*INDEX('الافتراضات'!$C$47:$G$47,H$9) | I72: =I59*INDEX('الافتراضات'!$C$47:$G$47,I$9) | J72: =J59*INDEX('الافتراضات'!$C$47:$G$47,J$9) | ... BM72: =BM59*INDEX('الافتراضات'!$C$47:$G$47,BM$9)
A73: 9. حوافز الموردين | B73: ج.م | C73: =C59*INDEX('الافتراضات'!$C$46:$G$46,C$9) | D73: =D59*INDEX('الافتراضات'!$C$46:$G$46,D$9) | E73: =E59*INDEX('الافتراضات'!$C$46:$G$46,E$9) | F73: =F59*INDEX('الافتراضات'!$C$46:$G$46,F$9) | G73: =G59*INDEX('الافتراضات'!$C$46:$G$46,G$9) | H73: =H59*INDEX('الافتراضات'!$C$46:$G$46,H$9) | I73: =I59*INDEX('الافتراضات'!$C$46:$G$46,I$9) | J73: =J59*INDEX('الافتراضات'!$C$46:$G$46,J$9) | ... BM73: =BM59*INDEX('الافتراضات'!$C$46:$G$46,BM$9)
A74: صافي الإيراد | B74: ج.م | C74: =SUM(C64:C65)+C66+SUM(C68:C73) | D74: =SUM(D64:D65)+D66+SUM(D68:D73) | E74: =SUM(E64:E65)+E66+SUM(E68:E73) | F74: =SUM(F64:F65)+F66+SUM(F68:F73) | G74: =SUM(G64:G65)+G66+SUM(G68:G73) | H74: =SUM(H64:H65)+H66+SUM(H68:H73) | I74: =SUM(I64:I65)+I66+SUM(I68:I73) | J74: =SUM(J64:J65)+J66+SUM(J68:J73) | ... BM74: =SUM(BM64:BM65)+BM66+SUM(BM68:BM73)
A75: تكلفة البضاعة المباعة (مخزون مملوك) | B75: ج.م | C75: =C59*(1-INDEX('الافتراضات'!$C$45:$G$45,C$9)) | D75: =D59*(1-INDEX('الافتراضات'!$C$45:$G$45,D$9)) | E75: =E59*(1-INDEX('الافتراضات'!$C$45:$G$45,E$9)) | F75: =F59*(1-INDEX('الافتراضات'!$C$45:$G$45,F$9)) | G75: =G59*(1-INDEX('الافتراضات'!$C$45:$G$45,G$9)) | H75: =H59*(1-INDEX('الافتراضات'!$C$45:$G$45,H$9)) | I75: =I59*(1-INDEX('الافتراضات'!$C$45:$G$45,I$9)) | J75: =J59*(1-INDEX('الافتراضات'!$C$45:$G$45,J$9)) | ... BM75: =BM59*(1-INDEX('الافتراضات'!$C$45:$G$45,BM$9))
A76: مجمل الربح | B76: ج.م | C76: =C74-C75 | D76: =D74-D75 | E76: =E74-E75 | F76: =F74-F75 | G76: =G74-G75 | H76: =H74-H75 | I76: =I74-I75 | J76: =J74-J75 | ... BM76: =BM74-BM75
A77: منها هامش المنتجات | B77: ج.م | C77: =C64-C75 | D77: =D64-D75 | E77: =E64-E75 | F77: =F64-F75 | G77: =G64-G75 | H77: =H64-H75 | I77: =I64-I75 | J77: =J64-J75 | ... BM77: =BM64-BM75
A79: التكاليف المتغيرة
A80: التوصيلات (للعملاء + التوصيل كخدمة) | B80: # | C80: =C54*INDEX('الافتراضات'!$C$63:$G$63,C$9)+C56 | D80: =D54*INDEX('الافتراضات'!$C$63:$G$63,D$9)+D56 | E80: =E54*INDEX('الافتراضات'!$C$63:$G$63,E$9)+E56 | F80: =F54*INDEX('الافتراضات'!$C$63:$G$63,F$9)+F56 | G80: =G54*INDEX('الافتراضات'!$C$63:$G$63,G$9)+G56 | H80: =H54*INDEX('الافتراضات'!$C$63:$G$63,H$9)+H56 | I80: =I54*INDEX('الافتراضات'!$C$63:$G$63,I$9)+I56 | J80: =J54*INDEX('الافتراضات'!$C$63:$G$63,J$9)+J56 | ... BM80: =BM54*INDEX('الافتراضات'!$C$63:$G$63,BM$9)+BM56
A81: تكلفة المندوب | B81: ج.م | C81: =C80*INDEX('الافتراضات'!$C$62:$G$62,C$9) | D81: =D80*INDEX('الافتراضات'!$C$62:$G$62,D$9) | E81: =E80*INDEX('الافتراضات'!$C$62:$G$62,E$9) | F81: =F80*INDEX('الافتراضات'!$C$62:$G$62,F$9) | G81: =G80*INDEX('الافتراضات'!$C$62:$G$62,G$9) | H81: =H80*INDEX('الافتراضات'!$C$62:$G$62,H$9) | I81: =I80*INDEX('الافتراضات'!$C$62:$G$62,I$9) | J81: =J80*INDEX('الافتراضات'!$C$62:$G$62,J$9) | ... BM81: =BM80*INDEX('الافتراضات'!$C$62:$G$62,BM$9)
A82: عمالة التجميع والتغليف | B82: ج.م | C82: =C54*INDEX('الافتراضات'!$C$38:$G$38,C$9)*INDEX('الافتراضات'!$C$64:$G$64,C$9) | D82: =D54*INDEX('الافتراضات'!$C$38:$G$38,D$9)*INDEX('الافتراضات'!$C$64:$G$64,D$9) | E82: =E54*INDEX('الافتراضات'!$C$38:$G$38,E$9)*INDEX('الافتراضات'!$C$64:$G$64,E$9) | F82: =F54*INDEX('الافتراضات'!$C$38:$G$38,F$9)*INDEX('الافتراضات'!$C$64:$G$64,F$9) | G82: =G54*INDEX('الافتراضات'!$C$38:$G$38,G$9)*INDEX('الافتراضات'!$C$64:$G$64,G$9) | H82: =H54*INDEX('الافتراضات'!$C$38:$G$38,H$9)*INDEX('الافتراضات'!$C$64:$G$64,H$9) | I82: =I54*INDEX('الافتراضات'!$C$38:$G$38,I$9)*INDEX('الافتراضات'!$C$64:$G$64,I$9) | J82: =J54*INDEX('الافتراضات'!$C$38:$G$38,J$9)*INDEX('الافتراضات'!$C$64:$G$64,J$9) | ... BM82: =BM54*INDEX('الافتراضات'!$C$38:$G$38,BM$9)*INDEX('الافتراضات'!$C$64:$G$64,BM$9)
A83: التغليف | B83: ج.م | C83: =C54*INDEX('الافتراضات'!$C$65:$G$65,C$9) | D83: =D54*INDEX('الافتراضات'!$C$65:$G$65,D$9) | E83: =E54*INDEX('الافتراضات'!$C$65:$G$65,E$9) | F83: =F54*INDEX('الافتراضات'!$C$65:$G$65,F$9) | G83: =G54*INDEX('الافتراضات'!$C$65:$G$65,G$9) | H83: =H54*INDEX('الافتراضات'!$C$65:$G$65,H$9) | I83: =I54*INDEX('الافتراضات'!$C$65:$G$65,I$9) | J83: =J54*INDEX('الافتراضات'!$C$65:$G$65,J$9) | ... BM83: =BM54*INDEX('الافتراضات'!$C$65:$G$65,BM$9)
A84: رسوم بوابة الدفع | B84: ج.م | C84: =C58*INDEX('الافتراضات'!$C$66:$G$66,C$9)*'الافتراضات'!$C$67 | D84: =D58*INDEX('الافتراضات'!$C$66:$G$66,D$9)*'الافتراضات'!$C$67 | E84: =E58*INDEX('الافتراضات'!$C$66:$G$66,E$9)*'الافتراضات'!$C$67 | F84: =F58*INDEX('الافتراضات'!$C$66:$G$66,F$9)*'الافتراضات'!$C$67 | G84: =G58*INDEX('الافتراضات'!$C$66:$G$66,G$9)*'الافتراضات'!$C$67 | H84: =H58*INDEX('الافتراضات'!$C$66:$G$66,H$9)*'الافتراضات'!$C$67 | I84: =I58*INDEX('الافتراضات'!$C$66:$G$66,I$9)*'الافتراضات'!$C$67 | J84: =J58*INDEX('الافتراضات'!$C$66:$G$66,J$9)*'الافتراضات'!$C$67 | ... BM84: =BM58*INDEX('الافتراضات'!$C$66:$G$66,BM$9)*'الافتراضات'!$C$67
A85: عروض العملاء | B85: ج.م | C85: =C58*INDEX('الافتراضات'!$C$68:$G$68,C$9) | D85: =D58*INDEX('الافتراضات'!$C$68:$G$68,D$9) | E85: =E58*INDEX('الافتراضات'!$C$68:$G$68,E$9) | F85: =F58*INDEX('الافتراضات'!$C$68:$G$68,F$9) | G85: =G58*INDEX('الافتراضات'!$C$68:$G$68,G$9) | H85: =H58*INDEX('الافتراضات'!$C$68:$G$68,H$9) | I85: =I58*INDEX('الافتراضات'!$C$68:$G$68,I$9) | J85: =J58*INDEX('الافتراضات'!$C$68:$G$68,J$9) | ... BM85: =BM58*INDEX('الافتراضات'!$C$68:$G$68,BM$9)
A86: الهالك وانتهاء الصلاحية والتلف | B86: ج.م | C86: =C59*INDEX('الافتراضات'!$C$69:$G$69,C$9) | D86: =D59*INDEX('الافتراضات'!$C$69:$G$69,D$9) | E86: =E59*INDEX('الافتراضات'!$C$69:$G$69,E$9) | F86: =F59*INDEX('الافتراضات'!$C$69:$G$69,F$9) | G86: =G59*INDEX('الافتراضات'!$C$69:$G$69,G$9) | H86: =H59*INDEX('الافتراضات'!$C$69:$G$69,H$9) | I86: =I59*INDEX('الافتراضات'!$C$69:$G$69,I$9) | J86: =J59*INDEX('الافتراضات'!$C$69:$G$69,J$9) | ... BM86: =BM59*INDEX('الافتراضات'!$C$69:$G$69,BM$9)
A87: الاستردادات والتعويضات | B87: ج.م | C87: =C58*INDEX('الافتراضات'!$C$70:$G$70,C$9) | D87: =D58*INDEX('الافتراضات'!$C$70:$G$70,D$9) | E87: =E58*INDEX('الافتراضات'!$C$70:$G$70,E$9) | F87: =F58*INDEX('الافتراضات'!$C$70:$G$70,F$9) | G87: =G58*INDEX('الافتراضات'!$C$70:$G$70,G$9) | H87: =H58*INDEX('الافتراضات'!$C$70:$G$70,H$9) | I87: =I58*INDEX('الافتراضات'!$C$70:$G$70,I$9) | J87: =J58*INDEX('الافتراضات'!$C$70:$G$70,J$9) | ... BM87: =BM58*INDEX('الافتراضات'!$C$70:$G$70,BM$9)
A88: الدعم والرسائل | B88: ج.م | C88: =C54*INDEX('الافتراضات'!$C$71:$G$71,C$9) | D88: =D54*INDEX('الافتراضات'!$C$71:$G$71,D$9) | E88: =E54*INDEX('الافتراضات'!$C$71:$G$71,E$9) | F88: =F54*INDEX('الافتراضات'!$C$71:$G$71,F$9) | G88: =G54*INDEX('الافتراضات'!$C$71:$G$71,G$9) | H88: =H54*INDEX('الافتراضات'!$C$71:$G$71,H$9) | I88: =I54*INDEX('الافتراضات'!$C$71:$G$71,I$9) | J88: =J54*INDEX('الافتراضات'!$C$71:$G$71,J$9) | ... BM88: =BM54*INDEX('الافتراضات'!$C$71:$G$71,BM$9)
A89: إجمالي التكاليف المتغيرة | B89: ج.م | C89: =SUM(C81:C88) | D89: =SUM(D81:D88) | E89: =SUM(E81:E88) | F89: =SUM(F81:F88) | G89: =SUM(G81:G88) | H89: =SUM(H81:H88) | I89: =SUM(I81:I88) | J89: =SUM(J81:J88) | ... BM89: =SUM(BM81:BM88)
A90: هامش المساهمة | B90: ج.م | C90: =C76-C89 | D90: =D76-D89 | E90: =E76-E89 | F90: =F76-F89 | G90: =G76-G89 | H90: =H76-H89 | I90: =I76-I89 | J90: =J76-J89 | ... BM90: =BM76-BM89
A91: المساهمة لكل طلب عميل | B91: ج.م | C91: =IF(C54>0,C90/C54,0) | D91: =IF(D54>0,D90/D54,0) | E91: =IF(E54>0,E90/E54,0) | F91: =IF(F54>0,F90/F54,0) | G91: =IF(G54>0,G90/G54,0) | H91: =IF(H54>0,H90/H54,0) | I91: =IF(I54>0,I90/I54,0) | J91: =IF(J54>0,J90/J54,0) | ... BM91: =IF(BM54>0,BM90/BM54,0)
A93: التكاليف الثابتة و EBITDA
A94: الهبات العاملة | B94: # | C94: =C8*(1+IF(C7>='الافتراضات'!$C$20,1,0)+IF(C7>='الافتراضات'!$C$21,1,0))+C47 | D94: =D8*(1+IF(D7>='الافتراضات'!$C$20,1,0)+IF(D7>='الافتراضات'!$C$21,1,0))+D47 | E94: =E8*(1+IF(E7>='الافتراضات'!$C$20,1,0)+IF(E7>='الافتراضات'!$C$21,1,0))+E47 | F94: =F8*(1+IF(F7>='الافتراضات'!$C$20,1,0)+IF(F7>='الافتراضات'!$C$21,1,0))+F47 | G94: =G8*(1+IF(G7>='الافتراضات'!$C$20,1,0)+IF(G7>='الافتراضات'!$C$21,1,0))+G47 | H94: =H8*(1+IF(H7>='الافتراضات'!$C$20,1,0)+IF(H7>='الافتراضات'!$C$21,1,0))+H47 | I94: =I8*(1+IF(I7>='الافتراضات'!$C$20,1,0)+IF(I7>='الافتراضات'!$C$21,1,0))+I47 | J94: =J8*(1+IF(J7>='الافتراضات'!$C$20,1,0)+IF(J7>='الافتراضات'!$C$21,1,0))+J47 | ... BM94: =BM8*(1+IF(BM7>='الافتراضات'!$C$20,1,0)+IF(BM7>='الافتراضات'!$C$21,1,0))+BM47
A95: إيجار الهب والمرافق والفريق الأساسي | B95: ج.م | C95: =C94*(INDEX('الافتراضات'!$C$75:$G$75,C$9)+INDEX('الافتراضات'!$C$76:$G$76,C$9)+INDEX('الافتراضات'!$C$77:$G$77,C$9)) | D95: =D94*(INDEX('الافتراضات'!$C$75:$G$75,D$9)+INDEX('الافتراضات'!$C$76:$G$76,D$9)+INDEX('الافتراضات'!$C$77:$G$77,D$9)) | E95: =E94*(INDEX('الافتراضات'!$C$75:$G$75,E$9)+INDEX('الافتراضات'!$C$76:$G$76,E$9)+INDEX('الافتراضات'!$C$77:$G$77,E$9)) | F95: =F94*(INDEX('الافتراضات'!$C$75:$G$75,F$9)+INDEX('الافتراضات'!$C$76:$G$76,F$9)+INDEX('الافتراضات'!$C$77:$G$77,F$9)) | G95: =G94*(INDEX('الافتراضات'!$C$75:$G$75,G$9)+INDEX('الافتراضات'!$C$76:$G$76,G$9)+INDEX('الافتراضات'!$C$77:$G$77,G$9)) | H95: =H94*(INDEX('الافتراضات'!$C$75:$G$75,H$9)+INDEX('الافتراضات'!$C$76:$G$76,H$9)+INDEX('الافتراضات'!$C$77:$G$77,H$9)) | I95: =I94*(INDEX('الافتراضات'!$C$75:$G$75,I$9)+INDEX('الافتراضات'!$C$76:$G$76,I$9)+INDEX('الافتراضات'!$C$77:$G$77,I$9)) | J95: =J94*(INDEX('الافتراضات'!$C$75:$G$75,J$9)+INDEX('الافتراضات'!$C$76:$G$76,J$9)+INDEX('الافتراضات'!$C$77:$G$77,J$9)) | ... BM95: =BM94*(INDEX('الافتراضات'!$C$75:$G$75,BM$9)+INDEX('الافتراضات'!$C$76:$G$76,BM$9)+INDEX('الافتراضات'!$C$77:$G$77,BM$9))
A96: الإشراف على المناديب والتوزيع | B96: ج.م | C96: =C8*INDEX('الافتراضات'!$C$78:$G$78,C$9) | D96: =D8*INDEX('الافتراضات'!$C$78:$G$78,D$9) | E96: =E8*INDEX('الافتراضات'!$C$78:$G$78,E$9) | F96: =F8*INDEX('الافتراضات'!$C$78:$G$78,F$9) | G96: =G8*INDEX('الافتراضات'!$C$78:$G$78,G$9) | H96: =H8*INDEX('الافتراضات'!$C$78:$G$78,H$9) | I96: =I8*INDEX('الافتراضات'!$C$78:$G$78,I$9) | J96: =J8*INDEX('الافتراضات'!$C$78:$G$78,J$9) | ... BM96: =BM8*INDEX('الافتراضات'!$C$78:$G$78,BM$9)
A97: فريق خدمة العملاء | B97: ج.م | C97: =C8*INDEX('الافتراضات'!$C$79:$G$79,C$9) | D97: =D8*INDEX('الافتراضات'!$C$79:$G$79,D$9) | E97: =E8*INDEX('الافتراضات'!$C$79:$G$79,E$9) | F97: =F8*INDEX('الافتراضات'!$C$79:$G$79,F$9) | G97: =G8*INDEX('الافتراضات'!$C$79:$G$79,G$9) | H97: =H8*INDEX('الافتراضات'!$C$79:$G$79,H$9) | I97: =I8*INDEX('الافتراضات'!$C$79:$G$79,I$9) | J97: =J8*INDEX('الافتراضات'!$C$79:$G$79,J$9) | ... BM97: =BM8*INDEX('الافتراضات'!$C$79:$G$79,BM$9)
A98: فريق التقنية والبنية التحتية | B98: ج.م | C98: =C8*(INDEX('الافتراضات'!$C$80:$G$80,C$9)+INDEX('الافتراضات'!$C$81:$G$81,C$9)) | D98: =D8*(INDEX('الافتراضات'!$C$80:$G$80,D$9)+INDEX('الافتراضات'!$C$81:$G$81,D$9)) | E98: =E8*(INDEX('الافتراضات'!$C$80:$G$80,E$9)+INDEX('الافتراضات'!$C$81:$G$81,E$9)) | F98: =F8*(INDEX('الافتراضات'!$C$80:$G$80,F$9)+INDEX('الافتراضات'!$C$81:$G$81,F$9)) | G98: =G8*(INDEX('الافتراضات'!$C$80:$G$80,G$9)+INDEX('الافتراضات'!$C$81:$G$81,G$9)) | H98: =H8*(INDEX('الافتراضات'!$C$80:$G$80,H$9)+INDEX('الافتراضات'!$C$81:$G$81,H$9)) | I98: =I8*(INDEX('الافتراضات'!$C$80:$G$80,I$9)+INDEX('الافتراضات'!$C$81:$G$81,I$9)) | J98: =J8*(INDEX('الافتراضات'!$C$80:$G$80,J$9)+INDEX('الافتراضات'!$C$81:$G$81,J$9)) | ... BM98: =BM8*(INDEX('الافتراضات'!$C$80:$G$80,BM$9)+INDEX('الافتراضات'!$C$81:$G$81,BM$9))
A99: الإدارة والمصروفات العمومية والمكتب والقانوني | B99: ج.م | C99: =C8*(INDEX('الافتراضات'!$C$82:$G$82,C$9)+INDEX('الافتراضات'!$C$83:$G$83,C$9)) | D99: =D8*(INDEX('الافتراضات'!$C$82:$G$82,D$9)+INDEX('الافتراضات'!$C$83:$G$83,D$9)) | E99: =E8*(INDEX('الافتراضات'!$C$82:$G$82,E$9)+INDEX('الافتراضات'!$C$83:$G$83,E$9)) | F99: =F8*(INDEX('الافتراضات'!$C$82:$G$82,F$9)+INDEX('الافتراضات'!$C$83:$G$83,F$9)) | G99: =G8*(INDEX('الافتراضات'!$C$82:$G$82,G$9)+INDEX('الافتراضات'!$C$83:$G$83,G$9)) | H99: =H8*(INDEX('الافتراضات'!$C$82:$G$82,H$9)+INDEX('الافتراضات'!$C$83:$G$83,H$9)) | I99: =I8*(INDEX('الافتراضات'!$C$82:$G$82,I$9)+INDEX('الافتراضات'!$C$83:$G$83,I$9)) | J99: =J8*(INDEX('الافتراضات'!$C$82:$G$82,J$9)+INDEX('الافتراضات'!$C$83:$G$83,J$9)) | ... BM99: =BM8*(INDEX('الافتراضات'!$C$82:$G$82,BM$9)+INDEX('الافتراضات'!$C$83:$G$83,BM$9))
A100: تسويق العلامة والمجتمع | B100: ج.م | C100: =C8*INDEX('الافتراضات'!$C$84:$G$84,C$9) | D100: =D8*INDEX('الافتراضات'!$C$84:$G$84,D$9) | E100: =E8*INDEX('الافتراضات'!$C$84:$G$84,E$9) | F100: =F8*INDEX('الافتراضات'!$C$84:$G$84,F$9) | G100: =G8*INDEX('الافتراضات'!$C$84:$G$84,G$9) | H100: =H8*INDEX('الافتراضات'!$C$84:$G$84,H$9) | I100: =I8*INDEX('الافتراضات'!$C$84:$G$84,I$9) | J100: =J8*INDEX('الافتراضات'!$C$84:$G$84,J$9) | ... BM100: =BM8*INDEX('الافتراضات'!$C$84:$G$84,BM$9)
A101: فرق المراكز المحلية (التوسع) | B101: ج.م | C101: =C47*INDEX('الافتراضات'!$C$115:$G$115,C$9) | D101: =D47*INDEX('الافتراضات'!$C$115:$G$115,D$9) | E101: =E47*INDEX('الافتراضات'!$C$115:$G$115,E$9) | F101: =F47*INDEX('الافتراضات'!$C$115:$G$115,F$9) | G101: =G47*INDEX('الافتراضات'!$C$115:$G$115,G$9) | H101: =H47*INDEX('الافتراضات'!$C$115:$G$115,H$9) | I101: =I47*INDEX('الافتراضات'!$C$115:$G$115,I$9) | J101: =J47*INDEX('الافتراضات'!$C$115:$G$115,J$9) | ... BM101: =BM47*INDEX('الافتراضات'!$C$115:$G$115,BM$9)
A102: تكلفة التشغيل قبل الإطلاق | B102: ج.م | C102: =(1-C8)*'الافتراضات'!$C$86+C48*'الافتراضات'!$C$113 | D102: =(1-D8)*'الافتراضات'!$C$86+D48*'الافتراضات'!$C$113 | E102: =(1-E8)*'الافتراضات'!$C$86+E48*'الافتراضات'!$C$113 | F102: =(1-F8)*'الافتراضات'!$C$86+F48*'الافتراضات'!$C$113 | G102: =(1-G8)*'الافتراضات'!$C$86+G48*'الافتراضات'!$C$113 | H102: =(1-H8)*'الافتراضات'!$C$86+H48*'الافتراضات'!$C$113 | I102: =(1-I8)*'الافتراضات'!$C$86+I48*'الافتراضات'!$C$113 | J102: =(1-J8)*'الافتراضات'!$C$86+J48*'الافتراضات'!$C$113 | ... BM102: =(1-BM8)*'الافتراضات'!$C$86+BM48*'الافتراضات'!$C$113
A103: تسويق الاستحواذ | B103: ج.م | C103: =C53 | D103: =D53 | E103: =E53 | F103: =F53 | G103: =G53 | H103: =H53 | I103: =I53 | J103: =J53 | ... BM103: =BM53
A104: إجمالي المصروفات التشغيلية (بدون المتغيرة) | B104: ج.م | C104: =SUM(C95:C103) | D104: =SUM(D95:D103) | E104: =SUM(E95:E103) | F104: =SUM(F95:F103) | G104: =SUM(G95:G103) | H104: =SUM(H95:H103) | I104: =SUM(I95:I103) | J104: =SUM(J95:J103) | ... BM104: =SUM(BM95:BM103)
A105: EBITDA | B105: ج.م | C105: =C90-C104 | D105: =D90-D104 | E105: =E90-E104 | F105: =F90-F104 | G105: =G90-G104 | H105: =H90-H104 | I105: =I90-I104 | J105: =J90-J104 | ... BM105: =BM90-BM104
A106: التكاليف المركزية (التقنية والإدارة والمصروفات العمومية والعلامة) | B106: ج.م | C106: =C98+C99+C100 | D106: =D98+D99+D100 | E106: =E98+E99+E100 | F106: =F98+F99+F100 | G106: =G98+G99+G100 | H106: =H98+H99+H100 | I106: =I98+I99+I100 | J106: =J98+J99+J100 | ... BM106: =BM98+BM99+BM100
A107: EBITDA على مستوى المركز (قبل التكاليف المركزية) | B107: ج.م | C107: =C105+C106 | D107: =D105+D106 | E107: =E105+E106 | F107: =F105+F106 | G107: =G105+G106 | H107: =H105+H106 | I107: =I105+I106 | J107: =J105+J106 | ... BM107: =BM105+BM106
A108: هامش EBITDA (% من GMV) | B108: % | C108: =IF(C58>0,C105/C58,0) | D108: =IF(D58>0,D105/D58,0) | E108: =IF(E58>0,E105/E58,0) | F108: =IF(F58>0,F105/F58,0) | G108: =IF(G58>0,G105/G58,0) | H108: =IF(H58>0,H105/H58,0) | I108: =IF(I58>0,I105/I58,0) | J108: =IF(J58>0,J105/J58,0) | ... BM108: =IF(BM58>0,BM105/BM58,0)
A110: الإهلاك والضريبة وصافي الدخل
...

Sheet السنوي
A1: توّا — الملخص السنوي (ج.م، اسمي)
A2: السنة | C2: 2026 | D2: 2027 | E2: 2028 | F2: 2029 | G2: 2030 | H2: 2031
C3: ما قبل الإطلاق | D3: السنة 1 | E3: السنة 2 | F3: السنة 3 | G3: السنة 4 | H3: السنة 5
A5: العملاء والحجم
A6: المراكز العاملة (ديسمبر) | C6: =IFERROR(INDEX('النموذج'!$C$51:$BM$51,MATCH(DATE(2026,12,1),'النموذج'!$C$5:$BM$5,0)),0) | D6: =IFERROR(INDEX('النموذج'!$C$51:$BM$51,MATCH(DATE(2027,12,1),'النموذج'!$C$5:$BM$5,0)),0) | E6: =IFERROR(INDEX('النموذج'!$C$51:$BM$51,MATCH(DATE(2028,12,1),'النموذج'!$C$5:$BM$5,0)),0) | F6: =IFERROR(INDEX('النموذج'!$C$51:$BM$51,MATCH(DATE(2029,12,1),'النموذج'!$C$5:$BM$5,0)),0) | G6: =IFERROR(INDEX('النموذج'!$C$51:$BM$51,MATCH(DATE(2030,12,1),'النموذج'!$C$5:$BM$5,0)),0) | H6: =IFERROR(INDEX('النموذج'!$C$51:$BM$51,MATCH(DATE(2031,12,1),'النموذج'!$C$5:$BM$5,0)),0)
A7: الهبات العاملة (ديسمبر) | C7: =IFERROR(INDEX('النموذج'!$C$94:$BM$94,MATCH(DATE(2026,12,1),'النموذج'!$C$5:$BM$5,0)),0) | D7: =IFERROR(INDEX('النموذج'!$C$94:$BM$94,MATCH(DATE(2027,12,1),'النموذج'!$C$5:$BM$5,0)),0) | E7: =IFERROR(INDEX('النموذج'!$C$94:$BM$94,MATCH(DATE(2028,12,1),'النموذج'!$C$5:$BM$5,0)),0) | F7: =IFERROR(INDEX('النموذج'!$C$94:$BM$94,MATCH(DATE(2029,12,1),'النموذج'!$C$5:$BM$5,0)),0) | G7: =IFERROR(INDEX('النموذج'!$C$94:$BM$94,MATCH(DATE(2030,12,1),'النموذج'!$C$5:$BM$5,0)),0) | H7: =IFERROR(INDEX('النموذج'!$C$94:$BM$94,MATCH(DATE(2031,12,1),'النموذج'!$C$5:$BM$5,0)),0)
A8: العملاء النشطون (ديسمبر) | C8: =IFERROR(INDEX('النموذج'!$C$52:$BM$52,MATCH(DATE(2026,12,1),'النموذج'!$C$5:$BM$5,0)),0) | D8: =IFERROR(INDEX('النموذج'!$C$52:$BM$52,MATCH(DATE(2027,12,1),'النموذج'!$C$5:$BM$5,0)),0) | E8: =IFERROR(INDEX('النموذج'!$C$52:$BM$52,MATCH(DATE(2028,12,1),'النموذج'!$C$5:$BM$5,0)),0) | F8: =IFERROR(INDEX('النموذج'!$C$52:$BM$52,MATCH(DATE(2029,12,1),'النموذج'!$C$5:$BM$5,0)),0) | G8: =IFERROR(INDEX('النموذج'!$C$52:$BM$52,MATCH(DATE(2030,12,1),'النموذج'!$C$5:$BM$5,0)),0) | H8: =IFERROR(INDEX('النموذج'!$C$52:$BM$52,MATCH(DATE(2031,12,1),'النموذج'!$C$5:$BM$5,0)),0)
A9: منها أبو المطامير | C9: =IFERROR(INDEX('النموذج'!$C$20:$BM$20,MATCH(DATE(2026,12,1),'النموذج'!$C$5:$BM$5,0)),0) | D9: =IFERROR(INDEX('النموذج'!$C$20:$BM$20,MATCH(DATE(2027,12,1),'النموذج'!$C$5:$BM$5,0)),0) | E9: =IFERROR(INDEX('النموذج'!$C$20:$BM$20,MATCH(DATE(2028,12,1),'النموذج'!$C$5:$BM$5,0)),0) | F9: =IFERROR(INDEX('النموذج'!$C$20:$BM$20,MATCH(DATE(2029,12,1),'النموذج'!$C$5:$BM$5,0)),0) | G9: =IFERROR(INDEX('النموذج'!$C$20:$BM$20,MATCH(DATE(2030,12,1),'النموذج'!$C$5:$BM$5,0)),0) | H9: =IFERROR(INDEX('النموذج'!$C$20:$BM$20,MATCH(DATE(2031,12,1),'النموذج'!$C$5:$BM$5,0)),0)
A10: العملاء الجدد المكتسبون | C10: =SUMIF('النموذج'!$C$6:$BM$6,2026,'النموذج'!$C$18:$BM$18) | D10: =SUMIF('النموذج'!$C$6:$BM$6,2027,'النموذج'!$C$18:$BM$18) | E10: =SUMIF('النموذج'!$C$6:$BM$6,2028,'النموذج'!$C$18:$BM$18) | F10: =SUMIF('النموذج'!$C$6:$BM$6,2029,'النموذج'!$C$18:$BM$18) | G10: =SUMIF('النموذج'!$C$6:$BM$6,2030,'النموذج'!$C$18:$BM$18) | H10: =SUMIF('النموذج'!$C$6:$BM$6,2031,'النموذج'!$C$18:$BM$18)
A11: طلبات العملاء | C11: =SUMIF('النموذج'!$C$6:$BM$6,2026,'النموذج'!$C$54:$BM$54) | D11: =SUMIF('النموذج'!$C$6:$BM$6,2027,'النموذج'!$C$54:$BM$54) | E11: =SUMIF('النموذج'!$C$6:$BM$6,2028,'النموذج'!$C$54:$BM$54) | F11: =SUMIF('النموذج'!$C$6:$BM$6,2029,'النموذج'!$C$54:$BM$54) | G11: =SUMIF('النموذج'!$C$6:$BM$6,2030,'النموذج'!$C$54:$BM$54) | H11: =SUMIF('النموذج'!$C$6:$BM$6,2031,'النموذج'!$C$54:$BM$54)
A12: منها أبو المطامير | C12: =SUMIF('النموذج'!$C$6:$BM$6,2026,'النموذج'!$C$26:$BM$26) | D12: =SUMIF('النموذج'!$C$6:$BM$6,2027,'النموذج'!$C$26:$BM$26) | E12: =SUMIF('النموذج'!$C$6:$BM$6,2028,'النموذج'!$C$26:$BM$26) | F12: =SUMIF('النموذج'!$C$6:$BM$6,2029,'النموذج'!$C$26:$BM$26) | G12: =SUMIF('النموذج'!$C$6:$BM$6,2030,'النموذج'!$C$26:$BM$26) | H12: =SUMIF('النموذج'!$C$6:$BM$6,2031,'النموذج'!$C$26:$BM$26)
A13: طلبات/يوم (ديسمبر) | C13: =IFERROR(INDEX('النموذج'!$C$55:$BM$55,MATCH(DATE(2026,12,1),'النموذج'!$C$5:$BM$5,0)),0) | D13: =IFERROR(INDEX('النموذج'!$C$55:$BM$55,MATCH(DATE(2027,12,1),'النموذج'!$C$5:$BM$5,0)),0) | E13: =IFERROR(INDEX('النموذج'!$C$55:$BM$55,MATCH(DATE(2028,12,1),'النموذج'!$C$5:$BM$5,0)),0) | F13: =IFERROR(INDEX('النموذج'!$C$55:$BM$55,MATCH(DATE(2029,12,1),'النموذج'!$C$5:$BM$5,0)),0) | G13: =IFERROR(INDEX('النموذج'!$C$55:$BM$55,MATCH(DATE(2030,12,1),'النموذج'!$C$5:$BM$5,0)),0) | H13: =IFERROR(INDEX('النموذج'!$C$55:$BM$55,MATCH(DATE(2031,12,1),'النموذج'!$C$5:$BM$5,0)),0)
A14: توصيلات التوصيل كخدمة | C14: =SUMIF('النموذج'!$C$6:$BM$6,2026,'النموذج'!$C$56:$BM$56) | D14: =SUMIF('النموذج'!$C$6:$BM$6,2027,'النموذج'!$C$56:$BM$56) | E14: =SUMIF('النموذج'!$C$6:$BM$6,2028,'النموذج'!$C$56:$BM$56) | F14: =SUMIF('النموذج'!$C$6:$BM$6,2029,'النموذج'!$C$56:$BM$56) | G14: =SUMIF('النموذج'!$C$6:$BM$6,2030,'النموذج'!$C$56:$BM$56) | H14: =SUMIF('النموذج'!$C$6:$BM$6,2031,'النموذج'!$C$56:$BM$56)
A15: قيمة الطلبات (GMV) | C15: =SUMIF('النموذج'!$C$6:$BM$6,2026,'النموذج'!$C$58:$BM$58) | D15: =SUMIF('النموذج'!$C$6:$BM$6,2027,'النموذج'!$C$58:$BM$58) | E15: =SUMIF('النموذج'!$C$6:$BM$6,2028,'النموذج'!$C$58:$BM$58) | F15: =SUMIF('النموذج'!$C$6:$BM$6,2029,'النموذج'!$C$58:$BM$58) | G15: =SUMIF('النموذج'!$C$6:$BM$6,2030,'النموذج'!$C$58:$BM$58) | H15: =SUMIF('النموذج'!$C$6:$BM$6,2031,'النموذج'!$C$58:$BM$58)
A17: مصادر الإيراد
A18: 1. مبيعات المنتجات (مخزون مملوك) | C18: =SUMIF('النموذج'!$C$6:$BM$6,2026,'النموذج'!$C$64:$BM$64) | D18: =SUMIF('النموذج'!$C$6:$BM$6,2027,'النموذج'!$C$64:$BM$64) | E18: =SUMIF('النموذج'!$C$6:$BM$6,2028,'النموذج'!$C$64:$BM$64) | F18: =SUMIF('النموذج'!$C$6:$BM$6,2029,'النموذج'!$C$64:$BM$64) | G18: =SUMIF('النموذج'!$C$6:$BM$6,2030,'النموذج'!$C$64:$BM$64) | H18: =SUMIF('النموذج'!$C$6:$BM$6,2031,'النموذج'!$C$64:$BM$64)
A19: 2. عمولة السوق والصيدليات | C19: =SUMIF('النموذج'!$C$6:$BM$6,2026,'النموذج'!$C$65:$BM$65) | D19: =SUMIF('النموذج'!$C$6:$BM$6,2027,'النموذج'!$C$65:$BM$65) | E19: =SUMIF('النموذج'!$C$6:$BM$6,2028,'النموذج'!$C$65:$BM$65) | F19: =SUMIF('النموذج'!$C$6:$BM$6,2029,'النموذج'!$C$65:$BM$65) | G19: =SUMIF('النموذج'!$C$6:$BM$6,2030,'النموذج'!$C$65:$BM$65) | H19: =SUMIF('النموذج'!$C$6:$BM$6,2031,'النموذج'!$C$65:$BM$65)
A20: 3. عمولة المطاعم | C20: =SUMIF('النموذج'!$C$6:$BM$6,2026,'النموذج'!$C$66:$BM$66) | D20: =SUMIF('النموذج'!$C$6:$BM$6,2027,'النموذج'!$C$66:$BM$66) | E20: =SUMIF('النموذج'!$C$6:$BM$6,2028,'النموذج'!$C$66:$BM$66) | F20: =SUMIF('النموذج'!$C$6:$BM$6,2029,'النموذج'!$C$66:$BM$66) | G20: =SUMIF('النموذج'!$C$6:$BM$6,2030,'النموذج'!$C$66:$BM$66) | H20: =SUMIF('النموذج'!$C$6:$BM$6,2031,'النموذج'!$C$66:$BM$66)
A21: 4. رسوم التوصيل | C21: =SUMIF('النموذج'!$C$6:$BM$6,2026,'النموذج'!$C$68:$BM$68) | D21: =SUMIF('النموذج'!$C$6:$BM$6,2027,'النموذج'!$C$68:$BM$68) | E21: =SUMIF('النموذج'!$C$6:$BM$6,2028,'النموذج'!$C$68:$BM$68) | F21: =SUMIF('النموذج'!$C$6:$BM$6,2029,'النموذج'!$C$68:$BM$68) | G21: =SUMIF('النموذج'!$C$6:$BM$6,2030,'النموذج'!$C$68:$BM$68) | H21: =SUMIF('النموذج'!$C$6:$BM$6,2031,'النموذج'!$C$68:$BM$68)
A22: 5. رسوم الخدمة | C22: =SUMIF('النموذج'!$C$6:$BM$6,2026,'النموذج'!$C$69:$BM$69) | D22: =SUMIF('النموذج'!$C$6:$BM$6,2027,'النموذج'!$C$69:$BM$69) | E22: =SUMIF('النموذج'!$C$6:$BM$6,2028,'النموذج'!$C$69:$BM$69) | F22: =SUMIF('النموذج'!$C$6:$BM$6,2029,'النموذج'!$C$69:$BM$69) | G22: =SUMIF('النموذج'!$C$6:$BM$6,2030,'النموذج'!$C$69:$BM$69) | H22: =SUMIF('النموذج'!$C$6:$BM$6,2031,'النموذج'!$C$69:$BM$69)
A23: 6. اشتراكات توّا+ | C23: =SUMIF('النموذج'!$C$6:$BM$6,2026,'النموذج'!$C$70:$BM$70) | D23: =SUMIF('النموذج'!$C$6:$BM$6,2027,'النموذج'!$C$70:$BM$70) | E23: =SUMIF('النموذج'!$C$6:$BM$6,2028,'النموذج'!$C$70:$BM$70) | F23: =SUMIF('النموذج'!$C$6:$BM$6,2029,'النموذج'!$C$70:$BM$70) | G23: =SUMIF('النموذج'!$C$6:$BM$6,2030,'النموذج'!$C$70:$BM$70) | H23: =SUMIF('النموذج'!$C$6:$BM$6,2031,'النموذج'!$C$70:$BM$70)
A24: 7. رسوم التوصيل كخدمة | C24: =SUMIF('النموذج'!$C$6:$BM$6,2026,'النموذج'!$C$71:$BM$71) | D24: =SUMIF('النموذج'!$C$6:$BM$6,2027,'النموذج'!$C$71:$BM$71) | E24: =SUMIF('النموذج'!$C$6:$BM$6,2028,'النموذج'!$C$71:$BM$71) | F24: =SUMIF('النموذج'!$C$6:$BM$6,2029,'النموذج'!$C$71:$BM$71) | G24: =SUMIF('النموذج'!$C$6:$BM$6,2030,'النموذج'!$C$71:$BM$71) | H24: =SUMIF('النموذج'!$C$6:$BM$6,2031,'النموذج'!$C$71:$BM$71)
A25: 8. إعلانات التطبيق | C25: =SUMIF('النموذج'!$C$6:$BM$6,2026,'النموذج'!$C$72:$BM$72) | D25: =SUMIF('النموذج'!$C$6:$BM$6,2027,'النموذج'!$C$72:$BM$72) | E25: =SUMIF('النموذج'!$C$6:$BM$6,2028,'النموذج'!$C$72:$BM$72) | F25: =SUMIF('النموذج'!$C$6:$BM$6,2029,'النموذج'!$C$72:$BM$72) | G25: =SUMIF('النموذج'!$C$6:$BM$6,2030,'النموذج'!$C$72:$BM$72) | H25: =SUMIF('النموذج'!$C$6:$BM$6,2031,'النموذج'!$C$72:$BM$72)
A26: 9. حوافز الموردين | C26: =SUMIF('النموذج'!$C$6:$BM$6,2026,'النموذج'!$C$73:$BM$73) | D26: =SUMIF('النموذج'!$C$6:$BM$6,2027,'النموذج'!$C$73:$BM$73) | E26: =SUMIF('النموذج'!$C$6:$BM$6,2028,'النموذج'!$C$73:$BM$73) | F26: =SUMIF('النموذج'!$C$6:$BM$6,2029,'النموذج'!$C$73:$BM$73) | G26: =SUMIF('النموذج'!$C$6:$BM$6,2030,'النموذج'!$C$73:$BM$73) | H26: =SUMIF('النموذج'!$C$6:$BM$6,2031,'النموذج'!$C$73:$BM$73)
A27: صافي الإيراد | C27: =SUMIF('النموذج'!$C$6:$BM$6,2026,'النموذج'!$C$74:$BM$74) | D27: =SUMIF('النموذج'!$C$6:$BM$6,2027,'النموذج'!$C$74:$BM$74) | E27: =SUMIF('النموذج'!$C$6:$BM$6,2028,'النموذج'!$C$74:$BM$74) | F27: =SUMIF('النموذج'!$C$6:$BM$6,2029,'النموذج'!$C$74:$BM$74) | G27: =SUMIF('النموذج'!$C$6:$BM$6,2030,'النموذج'!$C$74:$BM$74) | H27: =SUMIF('النموذج'!$C$6:$BM$6,2031,'النموذج'!$C$74:$BM$74)
A28: تكلفة البضاعة المباعة | C28: =SUMIF('النموذج'!$C$6:$BM$6,2026,'النموذج'!$C$75:$BM$75) | D28: =SUMIF('النموذج'!$C$6:$BM$6,2027,'النموذج'!$C$75:$BM$75) | E28: =SUMIF('النموذج'!$C$6:$BM$6,2028,'النموذج'!$C$75:$BM$75) | F28: =SUMIF('النموذج'!$C$6:$BM$6,2029,'النموذج'!$C$75:$BM$75) | G28: =SUMIF('النموذج'!$C$6:$BM$6,2030,'النموذج'!$C$75:$BM$75) | H28: =SUMIF('النموذج'!$C$6:$BM$6,2031,'النموذج'!$C$75:$BM$75)
A29: مجمل الربح | C29: =SUMIF('النموذج'!$C$6:$BM$6,2026,'النموذج'!$C$76:$BM$76) | D29: =SUMIF('النموذج'!$C$6:$BM$6,2027,'النموذج'!$C$76:$BM$76) | E29: =SUMIF('النموذج'!$C$6:$BM$6,2028,'النموذج'!$C$76:$BM$76) | F29: =SUMIF('النموذج'!$C$6:$BM$6,2029,'النموذج'!$C$76:$BM$76) | G29: =SUMIF('النموذج'!$C$6:$BM$6,2030,'النموذج'!$C$76:$BM$76) | H29: =SUMIF('النموذج'!$C$6:$BM$6,2031,'النموذج'!$C$76:$BM$76)
A30: مجمل الربح % من GMV (نسبة الاستقطاع) | C30: =IF(C15>0,C29/C15,0) | D30: =IF(D15>0,D29/D15,0) | E30: =IF(E15>0,E29/E15,0) | F30: =IF(F15>0,F29/F15,0) | G30: =IF(G15>0,G29/G15,0) | H30: =IF(H15>0,H29/H15,0)
A32: التكاليف والربحية
A33: التكاليف المتغيرة | C33: =SUMIF('النموذج'!$C$6:$BM$6,2026,'النموذج'!$C$89:$BM$89) | D33: =SUMIF('النموذج'!$C$6:$BM$6,2027,'النموذج'!$C$89:$BM$89) | E33: =SUMIF('النموذج'!$C$6:$BM$6,2028,'النموذج'!$C$89:$BM$89) | F33: =SUMIF('النموذج'!$C$6:$BM$6,2029,'النموذج'!$C$89:$BM$89) | G33: =SUMIF('النموذج'!$C$6:$BM$6,2030,'النموذج'!$C$89:$BM$89) | H33: =SUMIF('النموذج'!$C$6:$BM$6,2031,'النموذج'!$C$89:$BM$89)
A34: منها تكلفة المندوب | C34: =SUMIF('النموذج'!$C$6:$BM$6,2026,'النموذج'!$C$81:$BM$81) | D34: =SUMIF('النموذج'!$C$6:$BM$6,2027,'النموذج'!$C$81:$BM$81) | E34: =SUMIF('النموذج'!$C$6:$BM$6,2028,'النموذج'!$C$81:$BM$81) | F34: =SUMIF('النموذج'!$C$6:$BM$6,2029,'النموذج'!$C$81:$BM$81) | G34: =SUMIF('النموذج'!$C$6:$BM$6,2030,'النموذج'!$C$81:$BM$81) | H34: =SUMIF('النموذج'!$C$6:$BM$6,2031,'النموذج'!$C$81:$BM$81)
A35: منها عروض العملاء | C35: =SUMIF('النموذج'!$C$6:$BM$6,2026,'النموذج'!$C$85:$BM$85) | D35: =SUMIF('النموذج'!$C$6:$BM$6,2027,'النموذج'!$C$85:$BM$85) | E35: =SUMIF('النموذج'!$C$6:$BM$6,2028,'النموذج'!$C$85:$BM$85) | F35: =SUMIF('النموذج'!$C$6:$BM$6,2029,'النموذج'!$C$85:$BM$85) | G35: =SUMIF('النموذج'!$C$6:$BM$6,2030,'النموذج'!$C$85:$BM$85) | H35: =SUMIF('النموذج'!$C$6:$BM$6,2031,'النموذج'!$C$85:$BM$85)
A36: هامش المساهمة | C36: =SUMIF('النموذج'!$C$6:$BM$6,2026,'النموذج'!$C$90:$BM$90) | D36: =SUMIF('النموذج'!$C$6:$BM$6,2027,'النموذج'!$C$90:$BM$90) | E36: =SUMIF('النموذج'!$C$6:$BM$6,2028,'النموذج'!$C$90:$BM$90) | F36: =SUMIF('النموذج'!$C$6:$BM$6,2029,'النموذج'!$C$90:$BM$90) | G36: =SUMIF('النموذج'!$C$6:$BM$6,2030,'النموذج'!$C$90:$BM$90) | H36: =SUMIF('النموذج'!$C$6:$BM$6,2031,'النموذج'!$C$90:$BM$90)
A37: المساهمة لكل طلب | C37: =IF(C11>0,C36/C11,0) | D37: =IF(D11>0,D36/D11,0) | E37: =IF(E11>0,E36/E11,0) | F37: =IF(F11>0,F36/F11,0) | G37: =IF(G11>0,G36/G11,0) | H37: =IF(H11>0,H36/H11,0)
A38: المصروفات التشغيلية (شامل الاستحواذ) | C38: =SUMIF('النموذج'!$C$6:$BM$6,2026,'النموذج'!$C$104:$BM$104) | D38: =SUMIF('النموذج'!$C$6:$BM$6,2027,'النموذج'!$C$104:$BM$104) | E38: =SUMIF('النموذج'!$C$6:$BM$6,2028,'النموذج'!$C$104:$BM$104) | F38: =SUMIF('النموذج'!$C$6:$BM$6,2029,'النموذج'!$C$104:$BM$104) | G38: =SUMIF('النموذج'!$C$6:$BM$6,2030,'النموذج'!$C$104:$BM$104) | H38: =SUMIF('النموذج'!$C$6:$BM$6,2031,'النموذج'!$C$104:$BM$104)
A39: منها تسويق الاستحواذ | C39: =SUMIF('النموذج'!$C$6:$BM$6,2026,'النموذج'!$C$103:$BM$103) | D39: =SUMIF('النموذج'!$C$6:$BM$6,2027,'النموذج'!$C$103:$BM$103) | E39: =SUMIF('النموذج'!$C$6:$BM$6,2028,'النموذج'!$C$103:$BM$103) | F39: =SUMIF('النموذج'!$C$6:$BM$6,2029,'النموذج'!$C$103:$BM$103) | G39: =SUMIF('النموذج'!$C$6:$BM$6,2030,'النموذج'!$C$103:$BM$103) | H39: =SUMIF('النموذج'!$C$6:$BM$6,2031,'النموذج'!$C$103:$BM$103)
A40: التكاليف المركزية (تقنية، إدارة ومصروفات عمومية، علامة) | C40: =SUMIF('النموذج'!$C$6:$BM$6,2026,'النموذج'!$C$106:$BM$106) | D40: =SUMIF('النموذج'!$C$6:$BM$6,2027,'النموذج'!$C$106:$BM$106) | E40: =SUMIF('النموذج'!$C$6:$BM$6,2028,'النموذج'!$C$106:$BM$106) | F40: =SUMIF('النموذج'!$C$6:$BM$6,2029,'النموذج'!$C$106:$BM$106) | G40: =SUMIF('النموذج'!$C$6:$BM$6,2030,'النموذج'!$C$106:$BM$106) | H40: =SUMIF('النموذج'!$C$6:$BM$6,2031,'النموذج'!$C$106:$BM$106)
A41: EBITDA على مستوى المركز (قبل التكاليف المركزية) | C41: =SUMIF('النموذج'!$C$6:$BM$6,2026,'النموذج'!$C$107:$BM$107) | D41: =SUMIF('النموذج'!$C$6:$BM$6,2027,'النموذج'!$C$107:$BM$107) | E41: =SUMIF('النموذج'!$C$6:$BM$6,2028,'النموذج'!$C$107:$BM$107) | F41: =SUMIF('النموذج'!$C$6:$BM$6,2029,'النموذج'!$C$107:$BM$107) | G41: =SUMIF('النموذج'!$C$6:$BM$6,2030,'النموذج'!$C$107:$BM$107) | H41: =SUMIF('النموذج'!$C$6:$BM$6,2031,'النموذج'!$C$107:$BM$107)
A42: EBITDA | C42: =SUMIF('النموذج'!$C$6:$BM$6,2026,'النموذج'!$C$105:$BM$105) | D42: =SUMIF('النموذج'!$C$6:$BM$6,2027,'النموذج'!$C$105:$BM$105) | E42: =SUMIF('النموذج'!$C$6:$BM$6,2028,'النموذج'!$C$105:$BM$105) | F42: =SUMIF('النموذج'!$C$6:$BM$6,2029,'النموذج'!$C$105:$BM$105) | G42: =SUMIF('النموذج'!$C$6:$BM$6,2030,'النموذج'!$C$105:$BM$105) | H42: =SUMIF('النموذج'!$C$6:$BM$6,2031,'النموذج'!$C$105:$BM$105)
A43: EBITDA % من GMV | C43: =IF(C15>0,C42/C15,0) | D43: =IF(D15>0,D42/D15,0) | E43: =IF(E15>0,E42/E15,0) | F43: =IF(F15>0,F42/F15,0) | G43: =IF(G15>0,G42/G15,0) | H43: =IF(H15>0,H42/H15,0)
A44: الإهلاك والاستهلاك | C44: =SUMIF('النموذج'!$C$6:$BM$6,2026,'النموذج'!$C$116:$BM$116) | D44: =SUMIF('النموذج'!$C$6:$BM$6,2027,'النموذج'!$C$116:$BM$116) | E44: =SUMIF('النموذج'!$C$6:$BM$6,2028,'النموذج'!$C$116:$BM$116) | F44: =SUMIF('النموذج'!$C$6:$BM$6,2029,'النموذج'!$C$116:$BM$116) | G44: =SUMIF('النموذج'!$C$6:$BM$6,2030,'النموذج'!$C$116:$BM$116) | H44: =SUMIF('النموذج'!$C$6:$BM$6,2031,'النموذج'!$C$116:$BM$116)
A45: ضريبة الدخل | C45: =SUMIF('النموذج'!$C$6:$BM$6,2026,'النموذج'!$C$120:$BM$120) | D45: =SUMIF('النموذج'!$C$6:$BM$6,2027,'النموذج'!$C$120:$BM$120) | E45: =SUMIF('النموذج'!$C$6:$BM$6,2028,'النموذج'!$C$120:$BM$120) | F45: =SUMIF('النموذج'!$C$6:$BM$6,2029,'النموذج'!$C$120:$BM$120) | G45: =SUMIF('النموذج'!$C$6:$BM$6,2030,'النموذج'!$C$120:$BM$120) | H45: =SUMIF('النموذج'!$C$6:$BM$6,2031,'النموذج'!$C$120:$BM$120)
A46: صافي الدخل | C46: =SUMIF('النموذج'!$C$6:$BM$6,2026,'النموذج'!$C$121:$BM$121) | D46: =SUMIF('النموذج'!$C$6:$BM$6,2027,'النموذج'!$C$121:$BM$121) | E46: =SUMIF('النموذج'!$C$6:$BM$6,2028,'النموذج'!$C$121:$BM$121) | F46: =SUMIF('النموذج'!$C$6:$BM$6,2029,'النموذج'!$C$121:$BM$121) | G46: =SUMIF('النموذج'!$C$6:$BM$6,2030,'النموذج'!$C$121:$BM$121) | H46: =SUMIF('النموذج'!$C$6:$BM$6,2031,'النموذج'!$C$121:$BM$121)
A48: النقدية
A49: الإنفاق الرأسمالي | C49: =SUMIF('النموذج'!$C$6:$BM$6,2026,'النموذج'!$C$113:$BM$113) | D49: =SUMIF('النموذج'!$C$6:$BM$6,2027,'النموذج'!$C$113:$BM$113) | E49: =SUMIF('النموذج'!$C$6:$BM$6,2028,'النموذج'!$C$113:$BM$113) | F49: =SUMIF('النموذج'!$C$6:$BM$6,2029,'النموذج'!$C$113:$BM$113) | G49: =SUMIF('النموذج'!$C$6:$BM$6,2030,'النموذج'!$C$113:$BM$113) | H49: =SUMIF('النموذج'!$C$6:$BM$6,2031,'النموذج'!$C$113:$BM$113)
A50: التغير في رأس المال العامل | C50: =SUMIF('النموذج'!$C$6:$BM$6,2026,'النموذج'!$C$128:$BM$128) | D50: =SUMIF('النموذج'!$C$6:$BM$6,2027,'النموذج'!$C$128:$BM$128) | E50: =SUMIF('النموذج'!$C$6:$BM$6,2028,'النموذج'!$C$128:$BM$128) | F50: =SUMIF('النموذج'!$C$6:$BM$6,2029,'النموذج'!$C$128:$BM$128) | G50: =SUMIF('النموذج'!$C$6:$BM$6,2030,'النموذج'!$C$128:$BM$128) | H50: =SUMIF('النموذج'!$C$6:$BM$6,2031,'النموذج'!$C$128:$BM$128)
A51: التدفق النقدي الحر | C51: =SUMIF('النموذج'!$C$6:$BM$6,2026,'النموذج'!$C$130:$BM$130) | D51: =SUMIF('النموذج'!$C$6:$BM$6,2027,'النموذج'!$C$130:$BM$130) | E51: =SUMIF('النموذج'!$C$6:$BM$6,2028,'النموذج'!$C$130:$BM$130) | F51: =SUMIF('النموذج'!$C$6:$BM$6,2029,'النموذج'!$C$130:$BM$130) | G51: =SUMIF('النموذج'!$C$6:$BM$6,2030,'النموذج'!$C$130:$BM$130) | H51: =SUMIF('النموذج'!$C$6:$BM$6,2031,'النموذج'!$C$130:$BM$130)
A52: تمويل بالأسهم | C52: =SUMIF('النموذج'!$C$6:$BM$6,2026,'النموذج'!$C$132:$BM$132) | D52: =SUMIF('النموذج'!$C$6:$BM$6,2027,'النموذج'!$C$132:$BM$132) | E52: =SUMIF('النموذج'!$C$6:$BM$6,2028,'النموذج'!$C$132:$BM$132) | F52: =SUMIF('النموذج'!$C$6:$BM$6,2029,'النموذج'!$C$132:$BM$132) | G52: =SUMIF('النموذج'!$C$6:$BM$6,2030,'النموذج'!$C$132:$BM$132) | H52: =SUMIF('النموذج'!$C$6:$BM$6,2031,'النموذج'!$C$132:$BM$132)
A53: رصيد النقدية (ديسمبر) | C53: =IFERROR(INDEX('النموذج'!$C$133:$BM$133,MATCH(DATE(2026,12,1),'النموذج'!$C$5:$BM$5,0)),0) | D53: =IFERROR(INDEX('النموذج'!$C$133:$BM$133,MATCH(DATE(2027,12,1),'النموذج'!$C$5:$BM$5,0)),0) | E53: =IFERROR(INDEX('النموذج'!$C$133:$BM$133,MATCH(DATE(2028,12,1),'النموذج'!$C$5:$BM$5,0)),0) | F53: =IFERROR(INDEX('النموذج'!$C$133:$BM$133,MATCH(DATE(2029,12,1),'النموذج'!$C$5:$BM$5,0)),0) | G53: =IFERROR(INDEX('النموذج'!$C$133:$BM$133,MATCH(DATE(2030,12,1),'النموذج'!$C$5:$BM$5,0)),0) | H53: =IFERROR(INDEX('النموذج'!$C$133:$BM$133,MATCH(DATE(2031,12,1),'النموذج'!$C$5:$BM$5,0)),0)
A55: المؤشرات الرئيسية
A56: ذروة الاحتياج التمويلي (أدنى تدفق نقدي حر تراكمي) | C56: =-MIN(0,MIN('النموذج'!$C$131:$BM$131))
A57: أول شهر EBITDA موجبة | C57: =IF(MAX('النموذج'!$C$138:$BM$138)>0,MAX('النموذج'!$C$138:$BM$138),"خارج الأفق الزمني")
A58: أول شهر مساهمة موجبة | C58: =IF(MAX('النموذج'!$C$141:$BM$141)>0,MAX('النموذج'!$C$141:$BM$141),"خارج الأفق الزمني")
A59: أقل رصيد نقدي مع التمويل (لازم يفضل > 0) | C59: =MIN('النموذج'!$C$133:$BM$133)
A60: فحص التمويل | C60: =IF(C59>0,"سليم — ممول","عجز — مطلوب تمويل إضافي")
A61: مساهمة العميل مدى الحياة، السنة 3 (المساهمة/طلب × طلبات/شهر ÷ التسرب) | C61: =IFERROR(F37*'الافتراضات'!$E$33*'الافتراضات'!$F$10/(1-MIN(0.95,'الافتراضات'!$E$32+'الافتراضات'!$F$9)),0)
A62: CAC المجمّع، السنة الثالثة | C62: ='الافتراضات'!$E$29*'الافتراضات'!$F$8
A63: المساهمة مدى الحياة ÷ CAC، السنة الثالثة | C63: =IF(C62>0,C61/C62,0)
A64: استرداد CAC، السنة الثالثة (شهور مساهمة) | C64: =IFERROR(C62/(F37*'الافتراضات'!$E$33*'الافتراضات'!$F$10),0)

Sheet اقتصاديات الوحدة
A1: لكل طلب عميل (ج.م) — الطلب الواحد بيكسب كام وبيكلّف كام
B2: 2027 | C2: 2028 | D2: 2029 | E2: 2030 | F2: 2031
A3: متوسط قيمة الطلب (GMV للطلب) | B3: =IF('السنوي'!D$11>0,1*'السنوي'!D$15/'السنوي'!D$11,0) | C3: =IF('السنوي'!E$11>0,1*'السنوي'!E$15/'السنوي'!E$11,0) | D3: =IF('السنوي'!F$11>0,1*'السنوي'!F$15/'السنوي'!F$11,0) | E3: =IF('السنوي'!G$11>0,1*'السنوي'!G$15/'السنوي'!G$11,0) | F3: =IF('السنوي'!H$11>0,1*'السنوي'!H$15/'السنوي'!H$11,0)
A4: مجمل الربح للطلب (كل المصادر) | B4: =IF('السنوي'!D$11>0,1*'السنوي'!D$29/'السنوي'!D$11,0) | C4: =IF('السنوي'!E$11>0,1*'السنوي'!E$29/'السنوي'!E$11,0) | D4: =IF('السنوي'!F$11>0,1*'السنوي'!F$29/'السنوي'!F$11,0) | E4: =IF('السنوي'!G$11>0,1*'السنوي'!G$29/'السنوي'!G$11,0) | F4: =IF('السنوي'!H$11>0,1*'السنوي'!H$29/'السنوي'!H$11,0)
A6: مجمل الربح حسب المصدر
A7: عمولة السوق | B7: =IF('السنوي'!D$11>0,1*'السنوي'!D$19/'السنوي'!D$11,0) | C7: =IF('السنوي'!E$11>0,1*'السنوي'!E$19/'السنوي'!E$11,0) | D7: =IF('السنوي'!F$11>0,1*'السنوي'!F$19/'السنوي'!F$11,0) | E7: =IF('السنوي'!G$11>0,1*'السنوي'!G$19/'السنوي'!G$11,0) | F7: =IF('السنوي'!H$11>0,1*'السنوي'!H$19/'السنوي'!H$11,0)
A8: عمولة المطاعم | B8: =IF('السنوي'!D$11>0,1*'السنوي'!D$20/'السنوي'!D$11,0) | C8: =IF('السنوي'!E$11>0,1*'السنوي'!E$20/'السنوي'!E$11,0) | D8: =IF('السنوي'!F$11>0,1*'السنوي'!F$20/'السنوي'!F$11,0) | E8: =IF('السنوي'!G$11>0,1*'السنوي'!G$20/'السنوي'!G$11,0) | F8: =IF('السنوي'!H$11>0,1*'السنوي'!H$20/'السنوي'!H$11,0)
A9: رسوم التوصيل | B9: =IF('السنوي'!D$11>0,1*'السنوي'!D$21/'السنوي'!D$11,0) | C9: =IF('السنوي'!E$11>0,1*'السنوي'!E$21/'السنوي'!E$11,0) | D9: =IF('السنوي'!F$11>0,1*'السنوي'!F$21/'السنوي'!F$11,0) | E9: =IF('السنوي'!G$11>0,1*'السنوي'!G$21/'السنوي'!G$11,0) | F9: =IF('السنوي'!H$11>0,1*'السنوي'!H$21/'السنوي'!H$11,0)
A10: رسوم الخدمة | B10: =IF('السنوي'!D$11>0,1*'السنوي'!D$22/'السنوي'!D$11,0) | C10: =IF('السنوي'!E$11>0,1*'السنوي'!E$22/'السنوي'!E$11,0) | D10: =IF('السنوي'!F$11>0,1*'السنوي'!F$22/'السنوي'!F$11,0) | E10: =IF('السنوي'!G$11>0,1*'السنوي'!G$22/'السنوي'!G$11,0) | F10: =IF('السنوي'!H$11>0,1*'السنوي'!H$22/'السنوي'!H$11,0)
A11: توّا+ (موزعة على الطلب) | B11: =IF('السنوي'!D$11>0,1*'السنوي'!D$23/'السنوي'!D$11,0) | C11: =IF('السنوي'!E$11>0,1*'السنوي'!E$23/'السنوي'!E$11,0) | D11: =IF('السنوي'!F$11>0,1*'السنوي'!F$23/'السنوي'!F$11,0) | E11: =IF('السنوي'!G$11>0,1*'السنوي'!G$23/'السنوي'!G$11,0) | F11: =IF('السنوي'!H$11>0,1*'السنوي'!H$23/'السنوي'!H$11,0)
A12: رسوم التوصيل كخدمة (موزعة على الطلب) | B12: =IF('السنوي'!D$11>0,1*'السنوي'!D$24/'السنوي'!D$11,0) | C12: =IF('السنوي'!E$11>0,1*'السنوي'!E$24/'السنوي'!E$11,0) | D12: =IF('السنوي'!F$11>0,1*'السنوي'!F$24/'السنوي'!F$11,0) | E12: =IF('السنوي'!G$11>0,1*'السنوي'!G$24/'السنوي'!G$11,0) | F12: =IF('السنوي'!H$11>0,1*'السنوي'!H$24/'السنوي'!H$11,0)
A13: إعلانات التطبيق | B13: =IF('السنوي'!D$11>0,1*'السنوي'!D$25/'السنوي'!D$11,0) | C13: =IF('السنوي'!E$11>0,1*'السنوي'!E$25/'السنوي'!E$11,0) | D13: =IF('السنوي'!F$11>0,1*'السنوي'!F$25/'السنوي'!F$11,0) | E13: =IF('السنوي'!G$11>0,1*'السنوي'!G$25/'السنوي'!G$11,0) | F13: =IF('السنوي'!H$11>0,1*'السنوي'!H$25/'السنوي'!H$11,0)
A14: حوافز الموردين | B14: =IF('السنوي'!D$11>0,1*'السنوي'!D$26/'السنوي'!D$11,0) | C14: =IF('السنوي'!E$11>0,1*'السنوي'!E$26/'السنوي'!E$11,0) | D14: =IF('السنوي'!F$11>0,1*'السنوي'!F$26/'السنوي'!F$11,0) | E14: =IF('السنوي'!G$11>0,1*'السنوي'!G$26/'السنوي'!G$11,0) | F14: =IF('السنوي'!H$11>0,1*'السنوي'!H$26/'السنوي'!H$11,0)
A15: هامش المنتجات (مخزون مملوك) | B15: =IF('السنوي'!D$11>0,('السنوي'!D$18-'السنوي'!D$28)/'السنوي'!D$11,0) | C15: =IF('السنوي'!E$11>0,('السنوي'!E$18-'السنوي'!E$28)/'السنوي'!E$11,0) | D15: =IF('السنوي'!F$11>0,('السنوي'!F$18-'السنوي'!F$28)/'السنوي'!F$11,0) | E15: =IF('السنوي'!G$11>0,('السنوي'!G$18-'السنوي'!G$28)/'السنوي'!G$11,0) | F15: =IF('السنوي'!H$11>0,('السنوي'!H$18-'السنوي'!H$28)/'السنوي'!H$11,0)
A17: التكاليف المتغيرة لكل طلب
A18: المندوب (شامل التسليم المجزّأ والتوصيل كخدمة) | B18: =IF('السنوي'!D$11>0,-1*'السنوي'!D$34/'السنوي'!D$11,0) | C18: =IF('السنوي'!E$11>0,-1*'السنوي'!E$34/'السنوي'!E$11,0) | D18: =IF('السنوي'!F$11>0,-1*'السنوي'!F$34/'السنوي'!F$11,0) | E18: =IF('السنوي'!G$11>0,-1*'السنوي'!G$34/'السنوي'!G$11,0) | F18: =IF('السنوي'!H$11>0,-1*'السنوي'!H$34/'السنوي'!H$11,0)
A19: عروض العملاء | B19: =IF('السنوي'!D$11>0,-1*'السنوي'!D$35/'السنوي'!D$11,0) | C19: =IF('السنوي'!E$11>0,-1*'السنوي'!E$35/'السنوي'!E$11,0) | D19: =IF('السنوي'!F$11>0,-1*'السنوي'!F$35/'السنوي'!F$11,0) | E19: =IF('السنوي'!G$11>0,-1*'السنوي'!G$35/'السنوي'!G$11,0) | F19: =IF('السنوي'!H$11>0,-1*'السنوي'!H$35/'السنوي'!H$11,0)
A20: متغيرة أخرى (تجميع، تغليف، دفع، هالك، استرداد، دعم) | B20: =IF('السنوي'!D$11>0,-('السنوي'!D$33-'السنوي'!D$34-'السنوي'!D$35)/'السنوي'!D$11,0) | C20: =IF('السنوي'!E$11>0,-('السنوي'!E$33-'السنوي'!E$34-'السنوي'!E$35)/'السنوي'!E$11,0) | D20: =IF('السنوي'!F$11>0,-('السنوي'!F$33-'السنوي'!F$34-'السنوي'!F$35)/'السنوي'!F$11,0) | E20: =IF('السنوي'!G$11>0,-('السنوي'!G$33-'السنوي'!G$34-'السنوي'!G$35)/'السنوي'!G$11,0) | F20: =IF('السنوي'!H$11>0,-('السنوي'!H$33-'السنوي'!H$34-'السنوي'!H$35)/'السنوي'!H$11,0)
A21: المساهمة لكل طلب | B21: =IF('السنوي'!D$11>0,1*'السنوي'!D$36/'السنوي'!D$11,0) | C21: =IF('السنوي'!E$11>0,1*'السنوي'!E$36/'السنوي'!E$11,0) | D21: =IF('السنوي'!F$11>0,1*'السنوي'!F$36/'السنوي'!F$11,0) | E21: =IF('السنوي'!G$11>0,1*'السنوي'!G$36/'السنوي'!G$11,0) | F21: =IF('السنوي'!H$11>0,1*'السنوي'!H$36/'السنوي'!H$11,0)
A22: التكاليف الثابتة والاستحواذ لكل طلب | B22: =IF('السنوي'!D$11>0,-1*'السنوي'!D$38/'السنوي'!D$11,0) | C22: =IF('السنوي'!E$11>0,-1*'السنوي'!E$38/'السنوي'!E$11,0) | D22: =IF('السنوي'!F$11>0,-1*'السنوي'!F$38/'السنوي'!F$11,0) | E22: =IF('السنوي'!G$11>0,-1*'السنوي'!G$38/'السنوي'!G$11,0) | F22: =IF('السنوي'!H$11>0,-1*'السنوي'!H$38/'السنوي'!H$11,0)
A23: EBITDA لكل طلب | B23: =IF('السنوي'!D$11>0,1*'السنوي'!D$42/'السنوي'!D$11,0) | C23: =IF('السنوي'!E$11>0,1*'السنوي'!E$42/'السنوي'!E$11,0) | D23: =IF('السنوي'!F$11>0,1*'السنوي'!F$42/'السنوي'!F$11,0) | E23: =IF('السنوي'!G$11>0,1*'السنوي'!G$42/'السنوي'!G$11,0) | F23: =IF('السنوي'!H$11>0,1*'السنوي'!H$42/'السنوي'!H$11,0)

Sheet مصادر الإيراد
A1: مصادر الإيراد — مين بيدفع، التسعير، إمتى تبدأ، وبتكسب كام (مجمل الربح، ج.م)
A3: # | B3: المصدر | C3: الاسم | D3: مين بيدفع | E3: آلية التسعير | F3: يبدأ | G3: مجمل الربح 2027 | H3: مجمل الربح 2028 | I3: مجمل الربح 2029 | J3: مجمل الربح 2030 | K3: مجمل الربح 2031 | L3: الحصة 2031
A4: 1 | B4: هامش المنتجات (مخزون مملوك) | C4: هامش منتجات توّا | D4: العميل (ضمن سعر المنتج) | E4: شراء من الموزعين والبيع بسعر الرف؛ هامش أمامي 16% ← 21% (علامة خاصة من 2029) | F4: يناير 2027 | G4: ='السنوي'!D$18-'السنوي'!D$28 | H4: ='السنوي'!E$18-'السنوي'!E$28 | I4: ='السنوي'!F$18-'السنوي'!F$28 | J4: ='السنوي'!G$18-'السنوي'!G$28 | K4: ='السنوي'!H$18-'السنوي'!H$28 | L4: =IF($K$13>0,K4/$K$13,0)
A5: 2 | B5: عمولة السوق والصيدليات | C5: عمولة التجار والصيدليات | D5: التجار المحليون والصيدليات الشريكة | E5: 11–12% من قيمة طلب التاجر | F5: يناير 2027 | G5: ='السنوي'!D$19 | H5: ='السنوي'!E$19 | I5: ='السنوي'!F$19 | J5: ='السنوي'!G$19 | K5: ='السنوي'!H$19 | L5: =IF($K$13>0,K5/$K$13,0)
A6: 3 | B6: عمولة المطاعم | C6: عمولة المطاعم | D6: المطاعم | E6: 17–18% من قيمة طلب الأكل | F6: يناير 2027 | G6: ='السنوي'!D$20 | H6: ='السنوي'!E$20 | I6: ='السنوي'!F$20 | J6: ='السنوي'!G$20 | K6: ='السنوي'!H$20 | L6: =IF($K$13>0,K6/$K$13,0)
A7: 4 | B7: رسوم التوصيل | C7: رسوم التوصيل | D7: العميل | E7: 17–25 ج.م في المتوسط؛ مجاني فوق حد السلة | F7: يناير 2027 | G7: ='السنوي'!D$21 | H7: ='السنوي'!E$21 | I7: ='السنوي'!F$21 | J7: ='السنوي'!G$21 | K7: ='السنوي'!H$21 | L7: =IF($K$13>0,K7/$K$13,0)
A8: 5 | B8: رسوم الخدمة | C8: رسوم الخدمة | D8: العميل | E8: 3–6 ج.م للطلب، ظاهرة عند الدفع | F8: يناير 2027 | G8: ='السنوي'!D$22 | H8: ='السنوي'!E$22 | I8: ='السنوي'!F$22 | J8: ='السنوي'!G$22 | K8: ='السنوي'!H$22 | L8: =IF($K$13>0,K8/$K$13,0)
A9: 6 | B9: اشتراك توّا+ | C9: اشتراك توّا+ | D9: العميل | E9: 49–72 ج.م/شهر: توصيل مجاني ونقاط مضاعفة | F9: يناير 2028 | G9: ='السنوي'!D$23 | H9: ='السنوي'!E$23 | I9: ='السنوي'!F$23 | J9: ='السنوي'!G$23 | K9: ='السنوي'!H$23 | L9: =IF($K$13>0,K9/$K$13,0)
A10: 7 | B10: التوصيل كخدمة | C10: التوصيل كخدمة | D10: التجار (طلباتهم الخاصة) | E10: 22–34 ج.م للتوصيلة | F10: أبريل 2027 | G10: ='السنوي'!D$24 | H10: ='السنوي'!E$24 | I10: ='السنوي'!F$24 | J10: ='السنوي'!G$24 | K10: ='السنوي'!H$24 | L10: =IF($K$13>0,K10/$K$13,0)
A11: 8 | B11: إعلانات التطبيق | C11: إعلانات داخل التطبيق | D11: علامات السلع الاستهلاكية والموزعون | E11: أماكن مدفوعة وبانرات: 0.3% ← 2% من GMV الهب | F11: 2027 (صفقات تجريبية) | G11: ='السنوي'!D$25 | H11: ='السنوي'!E$25 | I11: ='السنوي'!F$25 | J11: ='السنوي'!G$25 | K11: ='السنوي'!H$25 | L11: =IF($K$13>0,K11/$K$13,0)
A12: 9 | B12: حوافز الموردين | C12: حوافز الموردين | D12: الموزعون والعلامات | E12: خصومات كمية ورسوم إدراج: حتى 3% من GMV الهب | F12: يناير 2028 | G12: ='السنوي'!D$26 | H12: ='السنوي'!E$26 | I12: ='السنوي'!F$26 | J12: ='السنوي'!G$26 | K12: ='السنوي'!H$26 | L12: =IF($K$13>0,K12/$K$13,0)
B13: إجمالي مجمل الربح | G13: =SUM(G4:G12) | H13: =SUM(H4:H12) | I13: =SUM(I4:I12) | J13: =SUM(J4:J12) | K13: =SUM(K4:K12) | L13: =SUM(L4:L12)
B14: مطابقة مع مجمل الربح السنوي | G14: =IF(ABS(G13-'السنوي'!D$29)<1,"سليم","خطأ") | H14: =IF(ABS(H13-'السنوي'!E$29)<1,"سليم","خطأ") | I14: =IF(ABS(I13-'السنوي'!F$29)<1,"سليم","خطأ") | J14: =IF(ABS(J13-'السنوي'!G$29)<1,"سليم","خطأ") | K14: =IF(ABS(K13-'السنوي'!H$29)<1,"سليم","خطأ")
